# Blender 4.3.2
# www.blender.org
mtllib SUN2.mtl
o Circle
v 0.000000 0.000000 3.987036
v 0.000000 -0.777832 3.910427
v 0.000000 -1.525773 3.683541
v 0.000000 -2.215079 3.315099
v 0.000000 -2.819260 2.819260
v 0.000000 -3.315099 2.215079
v 0.000000 -3.683541 1.525773
v 0.000000 -3.910426 0.777832
v 0.000000 -3.987036 0.000000
v 0.000000 -3.910427 -0.777832
v 0.000000 -3.683541 -1.525773
v 0.000000 -3.315099 -2.215079
v 0.000000 -2.819260 -2.819260
v 0.000000 -2.215079 -3.315099
v 0.000000 -1.525773 -3.683541
v 0.000000 -0.777832 -3.910426
v 0.000000 0.000000 -3.987036
v -0.000000 0.777832 -3.910427
v -0.000000 1.525773 -3.683541
v -0.000000 2.215079 -3.315099
v -0.000000 2.819260 -2.819260
v -0.000000 3.315099 -2.215079
v -0.000000 3.683541 -1.525773
v -0.000000 3.910426 -0.777832
v -0.000000 3.987036 0.000000
v -0.000000 3.910427 0.777832
v -0.000000 3.683541 1.525773
v -0.000000 3.315099 2.215079
v -0.000000 2.819260 2.819260
v -0.000000 2.215079 3.315099
v -0.000000 1.525773 3.683541
v -0.000000 0.777832 3.910426
v -0.614575 -0.000000 3.987036
v -0.614575 -2.215079 3.315100
v -0.614575 -3.315099 2.215079
v -0.614575 -3.683541 1.525773
v -0.614575 -3.910427 0.777832
v -0.614575 -3.987036 0.000000
v -0.614575 -3.910427 -0.777832
v -0.614575 -3.683541 -1.525773
v -0.614575 -3.315100 -2.215079
v -0.614575 -2.819261 -2.819261
v -0.614575 -0.000000 -3.987036
v -0.614576 0.777832 -3.910427
v -0.614576 2.215079 -3.315100
v -0.614576 2.819261 -2.819261
v -0.614576 3.910427 -0.777832
v -0.614576 3.987036 0.000000
v -0.614576 3.910427 0.777832
v -0.614576 3.683541 1.525773
v -0.614576 2.819261 2.819261
v -0.614576 2.215079 3.315099
v -0.614576 1.525773 3.683541
v -0.614575 -0.777832 3.910427
v -0.614575 -1.525773 3.683541
v -0.614575 -2.819261 2.819261
v -0.614575 -2.215079 -3.315099
v -0.614575 -1.525773 -3.683541
v -0.614575 -0.777832 -3.910427
v -0.614576 1.525773 -3.683541
v -0.614576 3.315099 -2.215079
v -0.614576 3.683541 -1.525773
v -0.614576 3.315100 2.215079
v -0.614576 0.777832 3.910427
v 0.000000 -0.585019 3.943874
v 0.000000 -0.390796 3.967822
v 0.000000 -0.195633 3.982225
v 0.000000 -1.343190 3.753962
v 0.000000 -1.157371 3.815341
v 0.000000 -0.968768 3.867542
v 0.000000 -2.049743 3.419787
v 0.000000 -1.879469 3.516239
v 0.000000 -1.704673 3.604231
v 0.000000 -2.677525 2.954192
v 0.000000 -2.529339 3.082009
v 0.000000 -2.375069 3.202411
v 0.000000 -3.202411 2.375069
v 0.000000 -3.082009 2.529339
v 0.000000 -2.954192 2.677525
v 0.000000 -3.604231 1.704673
v 0.000000 -3.516239 1.879469
v 0.000000 -3.419787 2.049743
v 0.000000 -3.867542 0.968768
v 0.000000 -3.815341 1.157371
v 0.000000 -3.753962 1.343190
v 0.000000 -3.982225 0.195633
v 0.000000 -3.967823 0.390796
v 0.000000 -3.943874 0.585019
v 0.000000 -3.943874 -0.585019
v 0.000000 -3.967822 -0.390796
v 0.000000 -3.982225 -0.195633
v 0.000000 -3.753962 -1.343190
v 0.000000 -3.815341 -1.157371
v 0.000000 -3.867542 -0.968768
v 0.000000 -3.419787 -2.049743
v 0.000000 -3.516239 -1.879469
v 0.000000 -3.604231 -1.704673
v 0.000000 -2.954192 -2.677525
v 0.000000 -3.082009 -2.529339
v 0.000000 -3.202411 -2.375069
v 0.000000 -2.375069 -3.202411
v 0.000000 -2.529339 -3.082009
v 0.000000 -2.677525 -2.954192
v 0.000000 -1.704673 -3.604231
v 0.000000 -1.879469 -3.516239
v 0.000000 -2.049743 -3.419787
v 0.000000 -0.968768 -3.867542
v 0.000000 -1.157371 -3.815341
v 0.000000 -1.343190 -3.753962
v 0.000000 -0.195633 -3.982225
v 0.000000 -0.390796 -3.967823
v 0.000000 -0.585019 -3.943874
v -0.000000 0.585019 -3.943874
v -0.000000 0.390796 -3.967822
v -0.000000 0.195633 -3.982225
v -0.000000 1.343190 -3.753962
v -0.000000 1.157371 -3.815341
v -0.000000 0.968768 -3.867542
v -0.000000 2.049743 -3.419787
v -0.000000 1.879469 -3.516239
v -0.000000 1.704673 -3.604231
v -0.000000 2.677525 -2.954192
v -0.000000 2.529339 -3.082009
v -0.000000 2.375069 -3.202411
v -0.000000 3.202411 -2.375069
v -0.000000 3.082009 -2.529339
v -0.000000 2.954192 -2.677525
v -0.000000 3.604231 -1.704673
v -0.000000 3.516239 -1.879469
v -0.000000 3.419787 -2.049743
v -0.000000 3.867542 -0.968768
v -0.000000 3.815341 -1.157371
v -0.000000 3.753962 -1.343190
v -0.000000 3.982225 -0.195633
v -0.000000 3.967823 -0.390796
v -0.000000 3.943874 -0.585019
v -0.000000 3.943874 0.585019
v -0.000000 3.967822 0.390796
v -0.000000 3.982225 0.195633
v -0.000000 3.753962 1.343190
v -0.000000 3.815341 1.157371
v -0.000000 3.867542 0.968768
v -0.000000 3.419787 2.049743
v -0.000000 3.516239 1.879469
v -0.000000 3.604231 1.704673
v -0.000000 2.954192 2.677525
v -0.000000 3.082009 2.529339
v -0.000000 3.202411 2.375069
v -0.000000 2.375069 3.202411
v -0.000000 2.529339 3.082009
v -0.000000 2.677525 2.954192
v -0.000000 1.704673 3.604231
v -0.000000 1.879469 3.516239
v -0.000000 2.049743 3.419787
v -0.000000 0.968768 3.867542
v -0.000000 1.157371 3.815341
v -0.000000 1.343190 3.753962
v -0.000000 0.195633 3.982225
v -0.000000 0.390796 3.967823
v -0.000000 0.585019 3.943874
v -0.614575 -3.604231 1.704673
v -0.614575 -3.516239 1.879469
v -0.614575 -3.419787 2.049743
v -0.614575 -3.867542 0.968768
v -0.614575 -3.815341 1.157371
v -0.614575 -3.753962 1.343190
v -0.614575 -3.982225 0.195633
v -0.614575 -3.967823 0.390796
v -0.614575 -3.943874 0.585019
v -0.614575 -3.943874 -0.585019
v -0.614575 -3.967822 -0.390796
v -0.614575 -3.982225 -0.195633
v -0.614575 -3.753962 -1.343190
v -0.614575 -3.815341 -1.157371
v -0.614575 -3.867542 -0.968768
v -0.614575 -3.419787 -2.049743
v -0.614575 -3.516239 -1.879469
v -0.614575 -3.604231 -1.704673
v -0.614575 -2.954192 -2.677525
v -0.614575 -3.082009 -2.529339
v -0.614575 -3.202411 -2.375069
v -0.614576 0.585019 -3.943874
v -0.614576 0.390796 -3.967822
v -0.614576 0.195633 -3.982225
v -0.614576 2.677525 -2.954192
v -0.614576 2.529339 -3.082009
v -0.614576 2.375069 -3.202411
v -0.614576 3.982225 -0.195633
v -0.614576 3.967823 -0.390796
v -0.614576 3.943874 -0.585019
v -0.614576 3.943874 0.585019
v -0.614576 3.967822 0.390796
v -0.614576 3.982225 0.195633
v -0.614576 3.753962 1.343190
v -0.614576 3.815341 1.157371
v -0.614576 3.867542 0.968768
v -0.614576 2.375069 3.202411
v -0.614576 2.529339 3.082009
v -0.614576 2.677525 2.954192
v -0.614576 1.704673 3.604231
v -0.614576 1.879469 3.516239
v -0.614576 2.049743 3.419787
v -0.153644 3.683541 1.525773
v -0.307288 3.683541 1.525773
v -0.460932 3.683541 1.525773
v -0.460932 3.910426 0.777832
v -0.307288 3.910427 0.777832
v -0.153644 3.910427 0.777832
v -0.460931 -2.819260 -2.819260
v -0.307288 -2.819261 -2.819260
v -0.153644 -2.819261 -2.819261
v -0.460932 -0.000000 3.987036
v -0.307288 -0.000000 3.987036
v -0.153644 -0.000000 3.987036
v -0.153644 2.819261 2.819261
v -0.307288 2.819261 2.819260
v -0.460932 2.819261 2.819260
v -0.153644 2.215079 3.315100
v -0.307288 2.215079 3.315099
v -0.460932 2.215079 3.315099
v -0.153644 -0.000000 -3.987036
v -0.307288 -0.000000 -3.987036
v -0.460932 -0.000000 -3.987036
v -0.153644 -2.215079 3.315100
v -0.307288 -2.215079 3.315100
v -0.460931 -2.215079 3.315099
v -0.153644 1.525773 3.683541
v -0.307288 1.525773 3.683541
v -0.460932 1.525773 3.683541
v -0.153644 0.777832 -3.910427
v -0.307288 0.777832 -3.910426
v -0.460932 0.777832 -3.910426
v -0.153644 -3.315100 2.215079
v -0.307288 -3.315099 2.215079
v -0.460931 -3.315099 2.215079
v -0.153644 2.215079 -3.315100
v -0.307288 2.215079 -3.315100
v -0.460932 2.215079 -3.315099
v -0.153644 -3.683541 1.525773
v -0.307287 -3.683541 1.525773
v -0.460931 -3.683541 1.525773
v -0.153644 2.819261 -2.819261
v -0.307288 2.819260 -2.819261
v -0.460932 2.819260 -2.819261
v -0.153644 -3.910427 0.777832
v -0.307287 -3.910426 0.777832
v -0.460931 -3.910427 0.777832
v -0.153644 -3.987036 -0.000000
v -0.307287 -3.987036 0.000000
v -0.460931 -3.987036 -0.000000
v -0.153644 -3.910427 -0.777832
v -0.307287 -3.910426 -0.777832
v -0.460931 -3.910426 -0.777832
v -0.153644 3.910427 -0.777832
v -0.307288 3.910426 -0.777832
v -0.460932 3.910427 -0.777832
v -0.153644 -3.683541 -1.525773
v -0.307287 -3.683541 -1.525773
v -0.460931 -3.683541 -1.525773
v -0.153644 3.987036 0.000000
v -0.307288 3.987036 0.000000
v -0.460932 3.987036 0.000000
v -0.153644 -3.315100 -2.215079
v -0.307288 -3.315100 -2.215079
v -0.460931 -3.315099 -2.215079
v -0.614575 -1.343190 3.753962
v -0.614575 -1.157371 3.815341
v -0.614575 -0.968768 3.867542
v -0.614575 -1.704673 -3.604231
v -0.614575 -1.879469 -3.516239
v -0.614575 -2.049743 -3.419787
v -0.614575 -0.968768 -3.867542
v -0.614575 -1.157371 -3.815341
v -0.614575 -1.343190 -3.753962
v -0.614576 3.604231 -1.704673
v -0.614576 3.516239 -1.879469
v -0.614576 3.419787 -2.049743
v -0.614575 -0.585020 3.943874
v -0.614576 -0.390796 3.967822
v -0.614576 -0.195633 3.982225
v -0.614575 -2.049743 3.419787
v -0.614575 -1.879469 3.516239
v -0.614575 -1.704673 3.604231
v -0.614575 -2.677525 2.954192
v -0.614575 -2.529339 3.082009
v -0.614575 -2.375069 3.202411
v -0.614575 -3.202411 2.375069
v -0.614575 -3.082009 2.529339
v -0.614575 -2.954192 2.677525
v -0.614575 -2.375069 -3.202411
v -0.614575 -2.529339 -3.082009
v -0.614575 -2.677525 -2.954192
v -0.614576 -0.195633 -3.982225
v -0.614576 -0.390796 -3.967823
v -0.614575 -0.585019 -3.943874
v -0.614576 1.343190 -3.753962
v -0.614576 1.157371 -3.815341
v -0.614576 0.968768 -3.867542
v -0.614576 2.049743 -3.419787
v -0.614576 1.879469 -3.516239
v -0.614576 1.704673 -3.604231
v -0.614576 3.202411 -2.375069
v -0.614576 3.082009 -2.529339
v -0.614576 2.954192 -2.677525
v -0.614576 3.867542 -0.968768
v -0.614576 3.815341 -1.157371
v -0.614576 3.753962 -1.343190
v -0.614576 3.419787 2.049743
v -0.614576 3.516239 1.879469
v -0.614576 3.604231 1.704673
v -0.614576 2.954192 2.677525
v -0.614576 3.082009 2.529339
v -0.614576 3.202411 2.375069
v -0.614576 0.968768 3.867542
v -0.614576 1.157371 3.815341
v -0.614576 1.343190 3.753962
v -0.614576 0.195633 3.982225
v -0.614576 0.390796 3.967823
v -0.614576 0.585019 3.943874
v -0.153644 -2.215079 -3.315100
v -0.307288 -2.215079 -3.315099
v -0.460931 -2.215079 -3.315099
v -0.153644 3.315100 2.215079
v -0.307288 3.315100 2.215079
v -0.460932 3.315099 2.215079
v -0.153644 -1.525773 -3.683541
v -0.307288 -1.525773 -3.683541
v -0.460931 -1.525773 -3.683541
v -0.153644 -0.777832 3.910427
v -0.307288 -0.777832 3.910426
v -0.460932 -0.777832 3.910426
v -0.153644 -0.777832 -3.910427
v -0.307288 -0.777832 -3.910426
v -0.460932 -0.777832 -3.910427
v -0.153644 -1.525773 3.683541
v -0.307288 -1.525773 3.683541
v -0.460931 -1.525773 3.683541
v -0.153644 -2.819261 2.819261
v -0.307288 -2.819260 2.819261
v -0.460931 -2.819260 2.819261
v -0.153644 0.777832 3.910427
v -0.307288 0.777832 3.910426
v -0.460932 0.777832 3.910427
v -0.153644 1.525773 -3.683541
v -0.307288 1.525773 -3.683541
v -0.460932 1.525773 -3.683541
v -0.153644 3.315100 -2.215079
v -0.307288 3.315099 -2.215079
v -0.460932 3.315099 -2.215079
v -0.153644 3.683541 -1.525773
v -0.307288 3.683541 -1.525773
v -0.460932 3.683541 -1.525773
v 0.000000 -0.000000 0.000000
v 0.000000 -0.603376 3.033374
v 0.000000 -0.251320 2.551693
v 0.000000 -0.000000 3.092802
v -0.000000 0.251320 2.551693
v -0.000000 0.603376 3.033375
v -0.000000 0.744302 2.453633
v -0.000000 1.183564 2.857376
v -0.000000 1.208680 2.261281
v -0.000000 1.718269 2.571570
v -0.000000 1.626610 1.982030
v -0.000000 2.186941 2.186941
v -0.000000 1.982030 1.626610
v -0.000000 2.571570 1.718269
v -0.000000 2.261281 1.208680
v -0.000000 2.857376 1.183564
v -0.000000 2.453633 0.744301
v -0.000000 3.033374 0.603376
v -0.000000 2.551693 0.251320
v -0.000000 3.092802 -0.000000
v -0.000000 2.551693 -0.251320
v -0.000000 3.033375 -0.603376
v -0.000000 2.453633 -0.744302
v -0.000000 2.857376 -1.183564
v -0.000000 2.261281 -1.208680
v -0.000000 2.571570 -1.718269
v -0.000000 1.982030 -1.626610
v -0.000000 2.186941 -2.186941
v -0.000000 1.626610 -1.982030
v -0.000000 1.718269 -2.571570
v -0.000000 1.208680 -2.261281
v -0.000000 1.183564 -2.857376
v -0.000000 0.744301 -2.453633
v -0.000000 0.603376 -3.033374
v -0.000000 0.251320 -2.551693
v -0.000000 0.000000 -3.092802
v 0.000000 -0.251320 -2.551693
v 0.000000 -0.603376 -3.033375
v 0.000000 -0.744301 -2.453633
v 0.000000 -1.183564 -2.857376
v 0.000000 -1.208680 -2.261281
v 0.000000 -1.718269 -2.571570
v 0.000000 -1.626610 -1.982030
v 0.000000 -2.186941 -2.186941
v 0.000000 -1.982030 -1.626610
v 0.000000 -2.571571 -1.718269
v 0.000000 -2.261281 -1.208680
v 0.000000 -2.857376 -1.183564
v 0.000000 -2.453633 -0.744301
v 0.000000 -3.033374 -0.603376
v 0.000000 -2.551693 -0.251320
v 0.000000 -3.092802 -0.000000
v 0.000000 -2.551693 0.251320
v 0.000000 -3.033375 0.603376
v 0.000000 -2.453633 0.744301
v 0.000000 -2.857376 1.183564
v 0.000000 -2.261281 1.208680
v 0.000000 -2.571570 1.718269
v 0.000000 -1.982030 1.626610
v 0.000000 -2.186941 2.186941
v 0.000000 -1.626610 1.982030
v 0.000000 -1.718269 2.571570
v 0.000000 -1.208680 2.261281
v 0.000000 -1.183564 2.857376
v 0.000000 -0.744301 2.453633
v -0.153644 3.867542 0.968768
v -0.153644 3.815341 1.157371
v -0.153644 3.753962 1.343190
v -0.307288 3.867542 0.968768
v -0.307288 3.815341 1.157371
v -0.307288 3.753962 1.343190
v -0.460932 3.867542 0.968768
v -0.460932 3.815341 1.157371
v -0.460932 3.753962 1.343190
v -0.153644 -2.677525 -2.954192
v -0.153644 -2.529340 -3.082009
v -0.153644 -2.375069 -3.202411
v -0.307288 -2.677525 -2.954192
v -0.307288 -2.529339 -3.082009
v -0.307288 -2.375069 -3.202411
v -0.460931 -2.677525 -2.954192
v -0.460931 -2.529340 -3.082009
v -0.460931 -2.375069 -3.202411
v -0.153644 3.604231 1.704673
v -0.153644 3.516238 1.879469
v -0.153644 3.419787 2.049743
v -0.307288 3.604231 1.704673
v -0.307288 3.516238 1.879469
v -0.307288 3.419787 2.049743
v -0.460932 3.604231 1.704673
v -0.460932 3.516238 1.879469
v -0.460932 3.419787 2.049742
v -0.153644 -2.049743 -3.419787
v -0.153644 -1.879469 -3.516238
v -0.153644 -1.704673 -3.604231
v -0.307288 -2.049743 -3.419787
v -0.307288 -1.879469 -3.516238
v -0.307288 -1.704673 -3.604231
v -0.460931 -2.049743 -3.419787
v -0.460931 -1.879469 -3.516238
v -0.460931 -1.704673 -3.604231
v -0.153644 -0.195633 3.982225
v -0.153644 -0.390796 3.967822
v -0.153644 -0.585019 3.943874
v -0.307288 -0.195633 3.982225
v -0.307288 -0.390796 3.967823
v -0.307288 -0.585019 3.943874
v -0.460932 -0.195633 3.982225
v -0.460932 -0.390796 3.967822
v -0.460932 -0.585020 3.943874
v -0.153644 3.202411 2.375069
v -0.153644 3.082009 2.529340
v -0.153644 2.954192 2.677525
v -0.307288 3.202411 2.375069
v -0.307288 3.082009 2.529339
v -0.307288 2.954192 2.677525
v -0.460932 3.202411 2.375069
v -0.460932 3.082009 2.529340
v -0.460932 2.954192 2.677525
v -0.153644 -1.343190 -3.753962
v -0.153644 -1.157371 -3.815341
v -0.153644 -0.968768 -3.867542
v -0.307288 -1.343190 -3.753962
v -0.307288 -1.157371 -3.815341
v -0.307288 -0.968768 -3.867542
v -0.460932 -1.343190 -3.753962
v -0.460932 -1.157371 -3.815341
v -0.460932 -0.968768 -3.867542
v -0.153644 -0.968768 3.867541
v -0.153644 -1.157371 3.815341
v -0.153644 -1.343190 3.753962
v -0.307288 -0.968768 3.867542
v -0.307288 -1.157371 3.815341
v -0.307288 -1.343190 3.753962
v -0.460932 -0.968768 3.867542
v -0.460932 -1.157371 3.815341
v -0.460932 -1.343190 3.753962
v -0.153644 2.677525 2.954192
v -0.153644 2.529340 3.082009
v -0.153644 2.375069 3.202411
v -0.307288 2.677525 2.954192
v -0.307288 2.529339 3.082009
v -0.307288 2.375069 3.202411
v -0.460932 2.677525 2.954192
v -0.460932 2.529340 3.082009
v -0.460932 2.375069 3.202411
v -0.153644 -0.585019 -3.943874
v -0.153644 -0.390796 -3.967822
v -0.153644 -0.195633 -3.982225
v -0.307288 -0.585019 -3.943874
v -0.307288 -0.390796 -3.967822
v -0.307288 -0.195633 -3.982225
v -0.460932 -0.585019 -3.943874
v -0.460932 -0.390796 -3.967822
v -0.460932 -0.195633 -3.982225
v -0.153644 -1.704673 3.604231
v -0.153644 -1.879469 3.516238
v -0.153644 -2.049743 3.419787
v -0.307288 -1.704673 3.604231
v -0.307288 -1.879469 3.516238
v -0.307288 -2.049743 3.419787
v -0.460931 -1.704673 3.604231
v -0.460931 -1.879469 3.516238
v -0.460931 -2.049742 3.419787
v -0.153644 2.049743 3.419787
v -0.153644 1.879469 3.516238
v -0.153644 1.704673 3.604231
v -0.307288 2.049743 3.419787
v -0.307288 1.879469 3.516238
v -0.307288 1.704673 3.604231
v -0.460932 2.049743 3.419787
v -0.460932 1.879469 3.516238
v -0.460932 1.704673 3.604231
v -0.153644 0.195633 -3.982225
v -0.153644 0.390796 -3.967822
v -0.153644 0.585019 -3.943874
v -0.307288 0.195633 -3.982225
v -0.307288 0.390796 -3.967823
v -0.307288 0.585019 -3.943874
v -0.460932 0.195633 -3.982225
v -0.460932 0.390796 -3.967822
v -0.460932 0.585019 -3.943874
v -0.153644 -2.375069 3.202411
v -0.153644 -2.529340 3.082009
v -0.153644 -2.677525 2.954192
v -0.307288 -2.375069 3.202411
v -0.307288 -2.529339 3.082009
v -0.307288 -2.677525 2.954192
v -0.460931 -2.375069 3.202411
v -0.460931 -2.529340 3.082009
v -0.460931 -2.677525 2.954192
v -0.153644 1.343190 3.753962
v -0.153644 1.157371 3.815341
v -0.153644 0.968768 3.867542
v -0.307288 1.343190 3.753962
v -0.307288 1.157371 3.815341
v -0.307288 0.968768 3.867542
v -0.460932 1.343190 3.753962
v -0.460932 1.157371 3.815341
v -0.460932 0.968768 3.867542
v -0.153644 0.968768 -3.867541
v -0.153644 1.157371 -3.815341
v -0.153644 1.343190 -3.753962
v -0.307288 0.968768 -3.867542
v -0.307288 1.157371 -3.815341
v -0.307288 1.343190 -3.753962
v -0.460932 0.968768 -3.867542
v -0.460932 1.157371 -3.815341
v -0.460932 1.343190 -3.753962
v -0.153644 -2.954192 2.677525
v -0.153644 -3.082009 2.529340
v -0.153644 -3.202411 2.375069
v -0.307288 -2.954192 2.677525
v -0.307287 -3.082009 2.529339
v -0.307287 -3.202411 2.375069
v -0.460931 -2.954192 2.677525
v -0.460931 -3.082009 2.529340
v -0.460931 -3.202411 2.375069
v -0.153644 0.585019 3.943874
v -0.153644 0.390796 3.967822
v -0.153644 0.195633 3.982225
v -0.307288 0.585019 3.943874
v -0.307288 0.390796 3.967822
v -0.307288 0.195633 3.982225
v -0.460932 0.585019 3.943874
v -0.460932 0.390796 3.967822
v -0.460932 0.195633 3.982225
v -0.153644 1.704673 -3.604231
v -0.153644 1.879469 -3.516238
v -0.153644 2.049743 -3.419787
v -0.307288 1.704673 -3.604231
v -0.307288 1.879469 -3.516238
v -0.307288 2.049743 -3.419787
v -0.460932 1.704673 -3.604231
v -0.460932 1.879469 -3.516238
v -0.460932 2.049742 -3.419787
v -0.153644 -3.419787 2.049743
v -0.153644 -3.516238 1.879469
v -0.153644 -3.604231 1.704673
v -0.307287 -3.419787 2.049743
v -0.307287 -3.516238 1.879469
v -0.307287 -3.604231 1.704673
v -0.460931 -3.419787 2.049743
v -0.460931 -3.516238 1.879469
v -0.460931 -3.604231 1.704673
v -0.153644 2.375069 -3.202411
v -0.153644 2.529340 -3.082009
v -0.153644 2.677525 -2.954192
v -0.307288 2.375069 -3.202411
v -0.307288 2.529339 -3.082009
v -0.307288 2.677525 -2.954192
v -0.460932 2.375069 -3.202411
v -0.460932 2.529340 -3.082009
v -0.460932 2.677525 -2.954192
v -0.153644 -3.753962 1.343190
v -0.153644 -3.815341 1.157371
v -0.153644 -3.867542 0.968768
v -0.307287 -3.753962 1.343190
v -0.307287 -3.815341 1.157371
v -0.307287 -3.867542 0.968768
v -0.460931 -3.753962 1.343190
v -0.460931 -3.815341 1.157371
v -0.460931 -3.867542 0.968768
v -0.153644 2.954192 -2.677525
v -0.153644 3.082009 -2.529340
v -0.153644 3.202411 -2.375069
v -0.307288 2.954192 -2.677525
v -0.307288 3.082009 -2.529339
v -0.307288 3.202411 -2.375069
v -0.460932 2.954192 -2.677525
v -0.460932 3.082009 -2.529340
v -0.460932 3.202411 -2.375069
v -0.153644 -3.943874 0.585019
v -0.153644 -3.967822 0.390796
v -0.153644 -3.982225 0.195633
v -0.307287 -3.943874 0.585019
v -0.307287 -3.967822 0.390796
v -0.307287 -3.982225 0.195633
v -0.460931 -3.943874 0.585019
v -0.460931 -3.967822 0.390796
v -0.460931 -3.982225 0.195633
v -0.153644 3.419787 -2.049743
v -0.153644 3.516238 -1.879469
v -0.153644 3.604231 -1.704673
v -0.307288 3.419787 -2.049743
v -0.307288 3.516238 -1.879469
v -0.307288 3.604231 -1.704673
v -0.460932 3.419787 -2.049743
v -0.460932 3.516238 -1.879469
v -0.460932 3.604231 -1.704673
v -0.153644 -3.982225 -0.195633
v -0.153644 -3.967822 -0.390796
v -0.153644 -3.943874 -0.585019
v -0.307287 -3.982225 -0.195633
v -0.307287 -3.967823 -0.390796
v -0.307287 -3.943874 -0.585019
v -0.460931 -3.982225 -0.195633
v -0.460931 -3.967822 -0.390796
v -0.460931 -3.943874 -0.585019
v -0.153644 3.753962 -1.343190
v -0.153644 3.815341 -1.157371
v -0.153644 3.867542 -0.968768
v -0.307288 3.753962 -1.343190
v -0.307288 3.815341 -1.157371
v -0.307288 3.867542 -0.968768
v -0.460932 3.753962 -1.343190
v -0.460932 3.815341 -1.157371
v -0.460932 3.867542 -0.968768
v -0.153644 -3.867541 -0.968768
v -0.153644 -3.815341 -1.157371
v -0.153644 -3.753962 -1.343190
v -0.307287 -3.867542 -0.968768
v -0.307287 -3.815341 -1.157371
v -0.307287 -3.753962 -1.343190
v -0.460931 -3.867542 -0.968768
v -0.460931 -3.815341 -1.157371
v -0.460931 -3.753962 -1.343190
v -0.153644 3.943874 -0.585019
v -0.153644 3.967822 -0.390796
v -0.153644 3.982225 -0.195633
v -0.307288 3.943874 -0.585019
v -0.307288 3.967822 -0.390796
v -0.307288 3.982225 -0.195633
v -0.460932 3.943874 -0.585019
v -0.460932 3.967822 -0.390796
v -0.460932 3.982225 -0.195633
v -0.153644 -3.604231 -1.704673
v -0.153644 -3.516238 -1.879469
v -0.153644 -3.419787 -2.049743
v -0.307287 -3.604231 -1.704673
v -0.307287 -3.516238 -1.879469
v -0.307287 -3.419787 -2.049743
v -0.460931 -3.604231 -1.704673
v -0.460931 -3.516238 -1.879469
v -0.460931 -3.419787 -2.049742
v -0.153644 3.982225 0.195633
v -0.153644 3.967822 0.390796
v -0.153644 3.943874 0.585019
v -0.307288 3.982225 0.195633
v -0.307288 3.967823 0.390796
v -0.307288 3.943874 0.585019
v -0.460932 3.982225 0.195633
v -0.460932 3.967822 0.390796
v -0.460932 3.943874 0.585019
v -0.153644 -3.202411 -2.375069
v -0.153644 -3.082009 -2.529340
v -0.153644 -2.954192 -2.677525
v -0.307287 -3.202411 -2.375069
v -0.307287 -3.082009 -2.529339
v -0.307288 -2.954192 -2.677525
v -0.460931 -3.202411 -2.375069
v -0.460931 -3.082009 -2.529340
v -0.460931 -2.954192 -2.677525
v -0.614576 0.000000 0.000000
v -0.614576 -0.603376 3.033374
v -0.614575 -0.744302 2.453633
v -0.614576 -1.183564 2.857376
v -0.614575 -1.208680 2.261281
v -0.614575 -1.718269 2.571570
v -0.614575 -1.626610 1.982030
v -0.614575 -2.186941 2.186941
v -0.614575 -1.982030 1.626610
v -0.614575 -2.571570 1.718269
v -0.614575 -2.261281 1.208680
v -0.614575 -2.857376 1.183564
v -0.614575 -2.453633 0.744301
v -0.614575 -3.033375 0.603376
v -0.614575 -2.551693 0.251320
v -0.614575 -3.092802 0.000000
v -0.614575 -2.551693 -0.251320
v -0.614575 -3.033374 -0.603376
v -0.614575 -2.453633 -0.744301
v -0.614575 -2.857376 -1.183564
v -0.614575 -2.261281 -1.208680
v -0.614575 -2.571570 -1.718269
v -0.614575 -1.982030 -1.626610
v -0.614575 -2.186941 -2.186941
v -0.614575 -1.626610 -1.982030
v -0.614575 -1.718269 -2.571570
v -0.614575 -1.208680 -2.261281
v -0.614576 -1.183564 -2.857376
v -0.614576 -0.744302 -2.453633
v -0.614576 -0.603376 -3.033375
v -0.614576 -0.251320 -2.551693
v -0.614576 -0.000000 -3.092802
v -0.614576 0.251320 -2.551693
v -0.614576 0.603376 -3.033374
v -0.614576 0.744302 -2.453633
v -0.614576 1.183564 -2.857376
v -0.614576 1.208680 -2.261281
v -0.614576 1.718269 -2.571570
v -0.614576 1.626610 -1.982030
v -0.614576 2.186941 -2.186941
v -0.614576 1.982030 -1.626610
v -0.614576 2.571571 -1.718269
v -0.614576 2.261281 -1.208680
v -0.614576 2.857376 -1.183564
v -0.614576 2.453634 -0.744301
v -0.614576 3.033375 -0.603376
v -0.614576 2.551693 -0.251320
v -0.614576 3.092802 -0.000000
v -0.614576 2.551693 0.251320
v -0.614576 3.033375 0.603376
v -0.614576 2.453634 0.744302
v -0.614576 2.857376 1.183564
v -0.614576 2.261281 1.208680
v -0.614576 2.571570 1.718269
v -0.614576 1.982030 1.626610
v -0.614576 2.186941 2.186941
v -0.614576 1.626610 1.982030
v -0.614576 1.718269 2.571570
v -0.614576 1.208680 2.261281
v -0.614576 1.183564 2.857376
v -0.614576 0.744301 2.453633
v -0.614576 0.603376 3.033375
v -0.614576 0.251320 2.551693
v -0.614576 -0.000000 3.092802
v -0.614576 -0.251320 2.551693
vn 1.0000 -0.0000 -0.0000
vn -0.0000 0.9638 0.2667
vn -0.0000 0.9495 0.3137
vn -0.0000 0.9495 0.3136
vn -0.0000 0.9757 0.2191
vn -0.0000 0.9330 0.3599
vn -0.0000 -0.6531 -0.7572
vn -0.0000 -0.6153 -0.7883
vn -0.0000 -0.6895 -0.7243
vn -0.0000 -0.5758 -0.8176
vn -0.0000 0.8932 0.4496
vn -0.0000 0.8701 0.4929
vn -0.0000 0.9142 0.4053
vn -0.0000 0.8449 0.5350
vn -0.0000 -0.4929 -0.8701
vn -0.0000 -0.4496 -0.8932
vn -0.0000 -0.5350 -0.8449
vn -0.0000 -0.4053 -0.9142
vn -0.0000 -0.0736 0.9973
vn -0.0000 -0.1224 0.9925
vn -0.0000 -0.0246 0.9997
vn -0.0000 -0.1709 0.9853
vn -0.0000 0.7883 0.6153
vn -0.0000 0.7572 0.6531
vn -0.0000 0.8176 0.5758
vn -0.0000 0.7243 0.6895
vn -0.0000 -0.3136 -0.9495
vn -0.0000 -0.2667 -0.9638
vn -0.0000 -0.3599 -0.9330
vn -0.0000 -0.2191 -0.9757
vn -0.0000 -0.2667 0.9638
vn -0.0000 -0.3136 0.9495
vn -0.0000 -0.2191 0.9757
vn -0.0000 -0.3599 0.9330
vn -0.0000 0.6531 0.7572
vn -0.0000 0.6153 0.7883
vn -0.0000 0.6895 0.7243
vn -0.0000 0.5758 0.8176
vn -0.0000 -0.1224 -0.9925
vn -0.0000 -0.0736 -0.9973
vn -0.0000 -0.1709 -0.9853
vn -0.0000 -0.0246 -0.9997
vn -0.0000 -0.4496 0.8932
vn -0.0000 -0.4929 0.8701
vn -0.0000 -0.4053 0.9142
vn -0.0000 -0.5350 0.8449
vn -0.0000 0.4929 0.8701
vn -0.0000 0.4496 0.8932
vn -0.0000 0.5350 0.8449
vn -0.0000 0.4053 0.9142
vn -0.0000 0.0736 -0.9973
vn -0.0000 0.1224 -0.9925
vn -0.0000 0.0246 -0.9997
vn -0.0000 0.1709 -0.9853
vn -0.0000 -0.6153 0.7883
vn -0.0000 -0.6531 0.7572
vn -0.0000 -0.5758 0.8176
vn -0.0000 -0.6895 0.7243
vn -0.0000 0.3136 0.9495
vn -0.0000 0.2667 0.9638
vn -0.0000 0.3599 0.9330
vn -0.0000 0.2191 0.9757
vn -0.0000 0.2667 -0.9638
vn -0.0000 0.3136 -0.9495
vn -0.0000 0.2191 -0.9757
vn -0.0000 0.3599 -0.9330
vn -0.0000 -0.7572 0.6531
vn -0.0000 -0.7883 0.6153
vn -0.0000 -0.7243 0.6895
vn -0.0000 -0.8176 0.5758
vn -0.0000 0.1224 0.9925
vn -0.0000 0.0736 0.9973
vn -0.0000 0.1709 0.9853
vn -0.0000 0.0246 0.9997
vn -0.0000 0.4496 -0.8932
vn -0.0000 0.4929 -0.8701
vn -0.0000 0.4053 -0.9142
vn -0.0000 0.5350 -0.8449
vn -0.0000 -0.8701 0.4929
vn -0.0000 -0.8932 0.4496
vn -0.0000 -0.8449 0.5350
vn -0.0000 -0.9142 0.4053
vn -0.0000 0.6153 -0.7883
vn -0.0000 0.6531 -0.7572
vn -0.0000 0.5758 -0.8176
vn -0.0000 0.6895 -0.7243
vn -0.0000 -0.9495 0.3136
vn -0.0000 -0.9638 0.2667
vn -0.0000 -0.9330 0.3599
vn -0.0000 -0.9757 0.2191
vn -0.0000 0.7572 -0.6531
vn -0.0000 0.7883 -0.6153
vn -0.0000 0.7243 -0.6895
vn -0.0000 0.8176 -0.5758
vn -0.0000 -0.9925 0.1224
vn -0.0000 -0.9973 0.0736
vn -0.0000 -0.9853 0.1709
vn -0.0000 -0.9997 0.0246
vn -0.0000 0.8701 -0.4929
vn -0.0000 0.8932 -0.4496
vn -0.0000 0.8449 -0.5350
vn -0.0000 0.9142 -0.4053
vn -0.0000 -0.9973 -0.0736
vn -0.0000 -0.9925 -0.1224
vn -0.0000 -0.9997 -0.0246
vn -0.0000 -0.9853 -0.1709
vn -0.0000 0.9495 -0.3136
vn -0.0000 0.9638 -0.2667
vn -0.0000 0.9330 -0.3599
vn -0.0000 0.9495 -0.3137
vn -0.0000 0.9757 -0.2191
vn -0.0000 -0.9638 -0.2667
vn -0.0000 -0.9495 -0.3137
vn -0.0000 -0.9495 -0.3136
vn -0.0000 -0.9757 -0.2191
vn -0.0000 -0.9330 -0.3599
vn -0.0000 0.9925 -0.1224
vn -0.0000 0.9973 -0.0736
vn -0.0000 0.9853 -0.1709
vn -0.0000 0.9997 -0.0246
vn -0.0000 -0.8932 -0.4496
vn -0.0000 -0.8701 -0.4929
vn -0.0000 -0.9142 -0.4053
vn -0.0000 -0.8449 -0.5350
vn -0.0000 0.9973 0.0736
vn -0.0000 0.9925 0.1224
vn -0.0000 0.9997 0.0246
vn -0.0000 0.9853 0.1709
vn -0.0000 -0.7883 -0.6153
vn -0.0000 -0.7572 -0.6531
vn -0.0000 -0.8176 -0.5758
vn -0.0000 -0.7243 -0.6895
vn -1.0000 -0.0000 -0.0000
vt 0.219454 0.761532
vt 0.205031 0.737015
vt 0.205031 0.615093
vt 0.228817 0.734672
vt 0.190608 0.761532
vt 0.181245 0.734672
vt 0.205031 0.737015
vt 0.162316 0.755904
vt 0.158373 0.727734
vt 0.181245 0.734672
vt 0.135666 0.744865
vt 0.137294 0.716467
vt 0.158373 0.727734
vt 0.111681 0.728839
vt 0.118819 0.701304
vt 0.137294 0.716467
vt 0.091284 0.708442
vt 0.103656 0.682829
vt 0.118819 0.701304
vt 0.075258 0.684457
vt 0.092389 0.661750
vt 0.064219 0.657807
vt 0.085451 0.638878
vt 0.058592 0.629515
vt 0.083108 0.615092
vt 0.085451 0.638878
vt 0.058592 0.600669
vt 0.085451 0.591306
vt 0.083108 0.615092
vt 0.064219 0.572378
vt 0.092389 0.568435
vt 0.085451 0.591306
vt 0.075258 0.545727
vt 0.103656 0.547356
vt 0.092389 0.568435
vt 0.091284 0.521743
vt 0.118819 0.528880
vt 0.103656 0.547356
vt 0.111681 0.501346
vt 0.137294 0.513718
vt 0.118819 0.528880
vt 0.135666 0.485320
vt 0.158373 0.502451
vt 0.137294 0.513718
vt 0.162316 0.474281
vt 0.181245 0.495513
vt 0.158373 0.502451
vt 0.190608 0.468653
vt 0.205031 0.493170
vt 0.181245 0.495513
vt 0.219454 0.468653
vt 0.228817 0.495513
vt 0.247746 0.474281
vt 0.251688 0.502451
vt 0.274396 0.485320
vt 0.272767 0.513718
vt 0.251688 0.502451
vt 0.298380 0.501346
vt 0.291243 0.528880
vt 0.272767 0.513718
vt 0.318778 0.521743
vt 0.306406 0.547356
vt 0.334804 0.545727
vt 0.317672 0.568435
vt 0.306406 0.547356
vt 0.345843 0.572378
vt 0.324610 0.591306
vt 0.317672 0.568435
vt 0.351470 0.600669
vt 0.326953 0.615092
vt 0.324610 0.591306
vt 0.351470 0.629515
vt 0.324610 0.638878
vt 0.345842 0.657807
vt 0.317672 0.661750
vt 0.324611 0.638878
vt 0.334804 0.684457
vt 0.306406 0.682829
vt 0.317672 0.661750
vt 0.318778 0.708442
vt 0.291243 0.701304
vt 0.298380 0.728839
vt 0.272767 0.716467
vt 0.274396 0.744865
vt 0.251689 0.727734
vt 0.272767 0.716467
vt 0.247746 0.755904
vt 0.228817 0.734672
vt 0.251689 0.727734
vt 0.223709 0.804737
vt 0.214370 0.804737
vt 0.232869 0.802915
vt 0.205031 0.804737
vt 0.242029 0.801093
vt 0.186353 0.804737
vt 0.177193 0.802915
vt 0.195692 0.804737
vt 0.168033 0.801093
vt 0.205031 0.804737
vt 0.149714 0.797449
vt 0.141085 0.793875
vt 0.158873 0.799271
vt 0.132457 0.790301
vt 0.115201 0.783153
vt 0.107435 0.777964
vt 0.123829 0.786727
vt 0.099670 0.772776
vt 0.084140 0.762399
vt 0.077536 0.755795
vt 0.091905 0.767587
vt 0.070932 0.749191
vt 0.099670 0.772776
vt 0.057725 0.735984
vt 0.052536 0.728218
vt 0.064328 0.742587
vt 0.047347 0.720453
vt 0.036970 0.704923
vt 0.033396 0.696294
vt 0.042159 0.712688
vt 0.029822 0.687666
vt 0.047347 0.720453
vt 0.022675 0.670410
vt 0.020853 0.661250
vt 0.026248 0.679038
vt 0.019031 0.652090
vt 0.029822 0.687666
vt 0.015387 0.633771
vt 0.015387 0.624432
vt 0.017209 0.642930
vt 0.015387 0.615092
vt 0.019031 0.652090
vt 0.015387 0.596414
vt 0.017209 0.587254
vt 0.015387 0.605753
vt 0.019031 0.578095
vt 0.022674 0.559775
vt 0.026248 0.551147
vt 0.020853 0.568935
vt 0.029822 0.542519
vt 0.019031 0.578095
vt 0.036970 0.525262
vt 0.042159 0.517497
vt 0.033396 0.533890
vt 0.047347 0.509732
vt 0.029822 0.542519
vt 0.057725 0.494201
vt 0.064328 0.487597
vt 0.052536 0.501967
vt 0.070932 0.480994
vt 0.084140 0.467786
vt 0.091905 0.462598
vt 0.077536 0.474390
vt 0.099670 0.457409
vt 0.115201 0.447032
vt 0.123829 0.443458
vt 0.107435 0.452220
vt 0.132457 0.439884
vt 0.149714 0.432736
vt 0.158873 0.430914
vt 0.141085 0.436310
vt 0.168033 0.429092
vt 0.186352 0.425448
vt 0.195692 0.425448
vt 0.177193 0.427270
vt 0.205031 0.425448
vt 0.223709 0.425448
vt 0.232869 0.427270
vt 0.214370 0.425448
vt 0.242029 0.429092
vt 0.205031 0.425448
vt 0.260348 0.432736
vt 0.268976 0.436310
vt 0.251188 0.430914
vt 0.277604 0.439884
vt 0.294861 0.447032
vt 0.302626 0.452220
vt 0.286233 0.443458
vt 0.310391 0.457409
vt 0.325922 0.467786
vt 0.332526 0.474390
vt 0.318157 0.462597
vt 0.339130 0.480994
vt 0.352337 0.494201
vt 0.357526 0.501966
vt 0.345733 0.487597
vt 0.362714 0.509732
vt 0.373091 0.525262
vt 0.376665 0.533890
vt 0.367903 0.517497
vt 0.380239 0.542519
vt 0.362714 0.509732
vt 0.387387 0.559775
vt 0.389209 0.568935
vt 0.383813 0.551147
vt 0.391031 0.578095
vt 0.380239 0.542519
vt 0.394675 0.596414
vt 0.394675 0.605753
vt 0.392853 0.587254
vt 0.394675 0.615092
vt 0.394675 0.633771
vt 0.392853 0.642930
vt 0.394675 0.624431
vt 0.391031 0.652090
vt 0.387387 0.670410
vt 0.383813 0.679038
vt 0.389209 0.661250
vt 0.380239 0.687666
vt 0.373091 0.704923
vt 0.367903 0.712688
vt 0.376665 0.696294
vt 0.362714 0.720453
vt 0.380239 0.687666
vt 0.352337 0.735983
vt 0.345733 0.742587
vt 0.357526 0.728218
vt 0.339130 0.749191
vt 0.325922 0.762399
vt 0.318157 0.767587
vt 0.332526 0.755795
vt 0.310392 0.772776
vt 0.339130 0.749191
vt 0.294861 0.783153
vt 0.286233 0.786727
vt 0.302626 0.777964
vt 0.277605 0.790301
vt 0.260348 0.797449
vt 0.251188 0.799271
vt 0.268976 0.793875
vt 0.857399 0.290020
vt 0.857399 0.296747
vt 0.850103 0.296727
vt 0.850103 0.289954
vt 0.857399 0.303390
vt 0.850103 0.303387
vt 0.842806 0.296747
vt 0.842806 0.290020
vt 0.842806 0.303390
vt 0.864696 0.283584
vt 0.864696 0.290188
vt 0.857399 0.283052
vt 0.864696 0.296792
vt 0.864696 0.303395
vt 0.864696 0.309999
vt 0.857399 0.309999
vt 0.850103 0.309999
vt 0.842806 0.309999
vt 0.835510 0.309999
vt 0.835510 0.303395
vt 0.835510 0.296792
vt 0.835510 0.290188
vt 0.842806 0.283052
vt 0.835510 0.283584
vt 0.850103 0.282939
vt 0.917358 0.153379
vt 0.917358 0.162693
vt 0.910061 0.162693
vt 0.910062 0.153389
vt 0.917358 0.172007
vt 0.910062 0.171997
vt 0.902765 0.162693
vt 0.902765 0.153379
vt 0.902765 0.172007
vt 0.924654 0.144015
vt 0.924654 0.153354
vt 0.917358 0.144097
vt 0.924654 0.162693
vt 0.924654 0.172032
vt 0.924654 0.181371
vt 0.917358 0.181289
vt 0.910062 0.181272
vt 0.902765 0.181289
vt 0.895469 0.181371
vt 0.895469 0.172032
vt 0.895469 0.162693
vt 0.895469 0.153354
vt 0.902765 0.144097
vt 0.895469 0.144015
vt 0.910062 0.144114
vt 0.857399 0.673928
vt 0.857399 0.681722
vt 0.850103 0.681737
vt 0.850103 0.673929
vt 0.857399 0.689579
vt 0.850103 0.689628
vt 0.842806 0.681722
vt 0.842806 0.673928
vt 0.842806 0.689579
vt 0.864696 0.666158
vt 0.864696 0.673923
vt 0.857399 0.666158
vt 0.864696 0.681689
vt 0.864696 0.689454
vt 0.864696 0.697219
vt 0.857399 0.697615
vt 0.850103 0.697699
vt 0.842806 0.697615
vt 0.835510 0.697219
vt 0.835510 0.689454
vt 0.835510 0.681689
vt 0.835510 0.673923
vt 0.842806 0.666158
vt 0.835510 0.666158
vt 0.850103 0.666158
vt 0.917358 0.190502
vt 0.917358 0.199664
vt 0.910061 0.199651
vt 0.910062 0.190491
vt 0.917358 0.208773
vt 0.910062 0.208742
vt 0.902765 0.199663
vt 0.902765 0.190502
vt 0.902765 0.208773
vt 0.924654 0.190531
vt 0.924654 0.199691
vt 0.924654 0.208850
vt 0.924654 0.218010
vt 0.917358 0.217767
vt 0.910062 0.217715
vt 0.902765 0.217767
vt 0.895469 0.218010
vt 0.895469 0.208850
vt 0.895469 0.199691
vt 0.895469 0.190531
vt 0.857399 0.884520
vt 0.857399 0.892377
vt 0.850103 0.892362
vt 0.850103 0.884471
vt 0.857399 0.900171
vt 0.850103 0.900169
vt 0.842806 0.892377
vt 0.842806 0.884520
vt 0.842806 0.900171
vt 0.864696 0.876880
vt 0.864696 0.884645
vt 0.857399 0.876484
vt 0.864696 0.892410
vt 0.864696 0.900175
vt 0.864696 0.907941
vt 0.857399 0.907941
vt 0.850103 0.907941
vt 0.842806 0.907941
vt 0.835510 0.907941
vt 0.835510 0.900175
vt 0.835510 0.892410
vt 0.835510 0.884645
vt 0.842806 0.876484
vt 0.835510 0.876880
vt 0.850103 0.876400
vt 0.857399 0.705975
vt 0.857399 0.714529
vt 0.850103 0.714553
vt 0.850103 0.706025
vt 0.857399 0.723185
vt 0.850103 0.723217
vt 0.842806 0.714529
vt 0.842806 0.705975
vt 0.842806 0.723185
vt 0.864696 0.705848
vt 0.864696 0.714476
vt 0.864696 0.723104
vt 0.864696 0.731732
vt 0.857399 0.731976
vt 0.850103 0.732027
vt 0.842806 0.731976
vt 0.835510 0.731732
vt 0.835510 0.723104
vt 0.835510 0.714476
vt 0.835510 0.705847
vt 0.917358 0.226557
vt 0.917358 0.235213
vt 0.910061 0.235189
vt 0.910062 0.226525
vt 0.917358 0.243768
vt 0.910062 0.243717
vt 0.902765 0.235213
vt 0.902765 0.226557
vt 0.902765 0.243768
vt 0.924654 0.226638
vt 0.924654 0.235267
vt 0.924654 0.243895
vt 0.924654 0.252523
vt 0.917358 0.252128
vt 0.910062 0.252044
vt 0.902765 0.252128
vt 0.895469 0.252523
vt 0.895469 0.243895
vt 0.895469 0.235267
vt 0.895469 0.226638
vt 0.977317 0.023156
vt 0.977317 0.030950
vt 0.970021 0.030965
vt 0.970021 0.023158
vt 0.977317 0.038807
vt 0.970021 0.038856
vt 0.962724 0.030950
vt 0.962724 0.023156
vt 0.962724 0.038807
vt 0.984614 0.015387
vt 0.984614 0.023152
vt 0.977317 0.015387
vt 0.984614 0.030917
vt 0.984613 0.038682
vt 0.984613 0.046448
vt 0.977317 0.046843
vt 0.970021 0.046927
vt 0.962724 0.046843
vt 0.955428 0.046448
vt 0.955428 0.038682
vt 0.955428 0.030917
vt 0.955428 0.023152
vt 0.962724 0.015387
vt 0.955428 0.015387
vt 0.970021 0.015387
vt 0.857399 0.740969
vt 0.857399 0.750079
vt 0.850103 0.750091
vt 0.850103 0.741000
vt 0.857399 0.759240
vt 0.850103 0.759251
vt 0.842806 0.750079
vt 0.842806 0.740970
vt 0.842806 0.759240
vt 0.864696 0.740892
vt 0.864696 0.750052
vt 0.864696 0.759211
vt 0.864696 0.768371
vt 0.857399 0.768453
vt 0.850103 0.768471
vt 0.842806 0.768453
vt 0.835510 0.768371
vt 0.835510 0.759211
vt 0.835510 0.750052
vt 0.835510 0.740892
vt 0.917358 0.260158
vt 0.917358 0.267976
vt 0.910061 0.267941
vt 0.910062 0.260106
vt 0.917358 0.275647
vt 0.910062 0.275579
vt 0.902765 0.267976
vt 0.902765 0.260158
vt 0.902765 0.275647
vt 0.924654 0.260288
vt 0.924654 0.268054
vt 0.924654 0.275819
vt 0.924654 0.283584
vt 0.917358 0.283052
vt 0.910062 0.282939
vt 0.902765 0.283052
vt 0.895469 0.283584
vt 0.895469 0.275819
vt 0.895469 0.268054
vt 0.895469 0.260288
vt 0.977317 0.055203
vt 0.977317 0.063757
vt 0.970021 0.063782
vt 0.970021 0.055253
vt 0.977317 0.072413
vt 0.970021 0.072445
vt 0.962724 0.063757
vt 0.962724 0.055203
vt 0.962724 0.072413
vt 0.984613 0.055076
vt 0.984613 0.063704
vt 0.984613 0.072332
vt 0.984613 0.080961
vt 0.977317 0.081204
vt 0.970021 0.081256
vt 0.962724 0.081204
vt 0.955428 0.080961
vt 0.955428 0.072332
vt 0.955428 0.063704
vt 0.955428 0.055076
vt 0.857399 0.777735
vt 0.857399 0.787049
vt 0.850103 0.787049
vt 0.850103 0.777745
vt 0.857399 0.796363
vt 0.850103 0.796354
vt 0.842806 0.787049
vt 0.842806 0.777735
vt 0.842806 0.796363
vt 0.864696 0.777710
vt 0.864696 0.787049
vt 0.864696 0.796389
vt 0.864696 0.805728
vt 0.857399 0.805645
vt 0.850103 0.805628
vt 0.842806 0.805645
vt 0.835510 0.805728
vt 0.835510 0.796389
vt 0.835510 0.787049
vt 0.835510 0.777710
vt 0.917358 0.290020
vt 0.917358 0.296747
vt 0.910062 0.296727
vt 0.910062 0.289954
vt 0.917358 0.303390
vt 0.910062 0.303387
vt 0.902765 0.296747
vt 0.902765 0.290020
vt 0.902765 0.303390
vt 0.924654 0.290188
vt 0.924654 0.296792
vt 0.924654 0.303395
vt 0.924654 0.309999
vt 0.917358 0.309999
vt 0.910062 0.309999
vt 0.902765 0.309999
vt 0.895469 0.309999
vt 0.895469 0.303395
vt 0.895469 0.296792
vt 0.895469 0.290188
vt 0.977317 0.090198
vt 0.977317 0.099307
vt 0.970021 0.099319
vt 0.970021 0.090229
vt 0.977317 0.108468
vt 0.970021 0.108480
vt 0.962724 0.099307
vt 0.962724 0.090198
vt 0.962724 0.108468
vt 0.984613 0.090120
vt 0.984613 0.099280
vt 0.984613 0.108440
vt 0.984613 0.117599
vt 0.977317 0.117682
vt 0.970021 0.117699
vt 0.962724 0.117682
vt 0.955428 0.117599
vt 0.955428 0.108440
vt 0.955428 0.099280
vt 0.955428 0.090120
vt 0.857399 0.814859
vt 0.857399 0.824020
vt 0.850103 0.824008
vt 0.850103 0.814848
vt 0.857399 0.833129
vt 0.850103 0.833099
vt 0.842806 0.824020
vt 0.842806 0.814859
vt 0.842806 0.833129
vt 0.864696 0.814887
vt 0.864696 0.824047
vt 0.864696 0.833207
vt 0.864696 0.842367
vt 0.857399 0.842123
vt 0.850103 0.842071
vt 0.842806 0.842123
vt 0.835510 0.842367
vt 0.835510 0.833207
vt 0.835510 0.824047
vt 0.835510 0.814887
vt 0.857399 0.021996
vt 0.857399 0.028639
vt 0.850103 0.028659
vt 0.850103 0.021998
vt 0.857399 0.035366
vt 0.850103 0.035432
vt 0.842806 0.028639
vt 0.842806 0.021996
vt 0.842806 0.035366
vt 0.864696 0.015387
vt 0.864696 0.021990
vt 0.857399 0.015387
vt 0.864696 0.028594
vt 0.864696 0.035198
vt 0.864696 0.041802
vt 0.857399 0.042334
vt 0.850103 0.042447
vt 0.842806 0.042334
vt 0.835510 0.041802
vt 0.835510 0.035198
vt 0.835510 0.028594
vt 0.835510 0.021990
vt 0.842806 0.015387
vt 0.835510 0.015387
vt 0.850103 0.015387
vt 0.977317 0.126964
vt 0.977317 0.136278
vt 0.970021 0.136278
vt 0.970021 0.126973
vt 0.977317 0.145592
vt 0.970021 0.145582
vt 0.962724 0.136278
vt 0.962724 0.126964
vt 0.962724 0.145592
vt 0.984613 0.126939
vt 0.984613 0.136278
vt 0.984613 0.145617
vt 0.984613 0.154956
vt 0.977317 0.154874
vt 0.970021 0.154856
vt 0.962724 0.154874
vt 0.955428 0.154956
vt 0.955428 0.145617
vt 0.955428 0.136278
vt 0.955428 0.126939
vt 0.857399 0.850914
vt 0.857399 0.859570
vt 0.850103 0.859546
vt 0.850103 0.850882
vt 0.857399 0.868124
vt 0.850103 0.868074
vt 0.842806 0.859570
vt 0.842806 0.850914
vt 0.842806 0.868124
vt 0.864696 0.850995
vt 0.864696 0.859623
vt 0.864696 0.868251
vt 0.835510 0.868251
vt 0.835510 0.859623
vt 0.835510 0.850995
vt 0.857399 0.049739
vt 0.857399 0.057410
vt 0.850103 0.057445
vt 0.850103 0.049807
vt 0.857399 0.065228
vt 0.850103 0.065279
vt 0.842806 0.057410
vt 0.842806 0.049739
vt 0.842806 0.065228
vt 0.864696 0.049567
vt 0.864696 0.057332
vt 0.864696 0.065097
vt 0.864696 0.072863
vt 0.857399 0.073258
vt 0.850103 0.073342
vt 0.842806 0.073258
vt 0.835510 0.072863
vt 0.835510 0.065097
vt 0.835510 0.057332
vt 0.835510 0.049567
vt 0.977317 0.164087
vt 0.977317 0.173248
vt 0.970021 0.173236
vt 0.970021 0.164076
vt 0.977317 0.182358
vt 0.970021 0.182327
vt 0.962724 0.173248
vt 0.962724 0.164087
vt 0.962724 0.182358
vt 0.984613 0.164116
vt 0.984613 0.173276
vt 0.984613 0.182435
vt 0.984613 0.191595
vt 0.977317 0.191351
vt 0.970021 0.191300
vt 0.962724 0.191351
vt 0.955428 0.191595
vt 0.955428 0.182435
vt 0.955428 0.173276
vt 0.955428 0.164116
vt 0.857399 0.081618
vt 0.857399 0.090172
vt 0.850103 0.090197
vt 0.850103 0.081668
vt 0.857399 0.098828
vt 0.850103 0.098860
vt 0.842806 0.090172
vt 0.842806 0.081618
vt 0.842806 0.098828
vt 0.864696 0.081491
vt 0.864696 0.090119
vt 0.864696 0.098747
vt 0.864696 0.107376
vt 0.857399 0.107619
vt 0.850103 0.107671
vt 0.842806 0.107619
vt 0.835510 0.107376
vt 0.835510 0.098747
vt 0.835510 0.090119
vt 0.835510 0.081491
vt 0.977317 0.200142
vt 0.977317 0.208798
vt 0.970021 0.208774
vt 0.970021 0.200110
vt 0.977317 0.217352
vt 0.970021 0.217302
vt 0.962724 0.208798
vt 0.962724 0.200142
vt 0.962724 0.217352
vt 0.984613 0.200223
vt 0.984613 0.208851
vt 0.984613 0.217480
vt 0.984613 0.226108
vt 0.977317 0.225712
vt 0.970021 0.225629
vt 0.962724 0.225712
vt 0.955428 0.226108
vt 0.955428 0.217480
vt 0.955428 0.208851
vt 0.955428 0.200223
vt 0.857399 0.116613
vt 0.857399 0.125722
vt 0.850103 0.125735
vt 0.850103 0.116644
vt 0.857399 0.134883
vt 0.850103 0.134895
vt 0.842806 0.125722
vt 0.842806 0.116613
vt 0.842806 0.134883
vt 0.864696 0.116535
vt 0.864696 0.125695
vt 0.864696 0.134855
vt 0.864696 0.144015
vt 0.857399 0.144097
vt 0.850103 0.144114
vt 0.842806 0.144097
vt 0.835510 0.144015
vt 0.835510 0.134855
vt 0.835510 0.125695
vt 0.835510 0.116535
vt 0.977317 0.233748
vt 0.977317 0.241605
vt 0.970021 0.241591
vt 0.970021 0.233699
vt 0.977317 0.249400
vt 0.970021 0.249398
vt 0.962724 0.241605
vt 0.962724 0.233748
vt 0.962724 0.249400
vt 0.984613 0.233873
vt 0.984613 0.241638
vt 0.984613 0.249404
vt 0.984613 0.257169
vt 0.977317 0.257169
vt 0.970021 0.257169
vt 0.962724 0.257169
vt 0.955428 0.257169
vt 0.955428 0.249404
vt 0.955428 0.241638
vt 0.955428 0.233873
vt 0.857399 0.153379
vt 0.857399 0.162693
vt 0.850103 0.162693
vt 0.850103 0.153389
vt 0.857399 0.172007
vt 0.850103 0.171997
vt 0.842806 0.162693
vt 0.842806 0.153379
vt 0.842806 0.172007
vt 0.864696 0.153354
vt 0.864696 0.162693
vt 0.864696 0.172032
vt 0.864696 0.181371
vt 0.857399 0.181289
vt 0.850103 0.181272
vt 0.842806 0.181289
vt 0.835510 0.181371
vt 0.835510 0.172032
vt 0.835510 0.162693
vt 0.835510 0.153354
vt 0.917358 0.021996
vt 0.917358 0.028639
vt 0.910062 0.028659
vt 0.910062 0.021998
vt 0.917358 0.035366
vt 0.910062 0.035432
vt 0.902765 0.028639
vt 0.902765 0.021996
vt 0.902765 0.035366
vt 0.924654 0.015387
vt 0.924654 0.021990
vt 0.917358 0.015387
vt 0.924654 0.028594
vt 0.924654 0.035198
vt 0.924654 0.041802
vt 0.917358 0.042334
vt 0.910062 0.042447
vt 0.902765 0.042334
vt 0.895469 0.041802
vt 0.895469 0.035198
vt 0.895469 0.028594
vt 0.895469 0.021990
vt 0.902765 0.015387
vt 0.895469 0.015387
vt 0.910062 0.015387
vt 0.857399 0.190502
vt 0.857399 0.199664
vt 0.850103 0.199651
vt 0.850103 0.190491
vt 0.857399 0.208773
vt 0.850103 0.208742
vt 0.842806 0.199664
vt 0.842806 0.190502
vt 0.842806 0.208773
vt 0.864696 0.190531
vt 0.864696 0.199691
vt 0.864696 0.208850
vt 0.864696 0.218010
vt 0.857399 0.217767
vt 0.850103 0.217715
vt 0.842806 0.217767
vt 0.835510 0.218010
vt 0.835510 0.208850
vt 0.835510 0.199691
vt 0.835510 0.190531
vt 0.917358 0.049739
vt 0.917358 0.057410
vt 0.910061 0.057445
vt 0.910062 0.049807
vt 0.917358 0.065228
vt 0.910062 0.065279
vt 0.902765 0.057410
vt 0.902765 0.049739
vt 0.902765 0.065228
vt 0.924654 0.049567
vt 0.924654 0.057332
vt 0.924654 0.065097
vt 0.924654 0.072863
vt 0.917358 0.073258
vt 0.910062 0.073342
vt 0.902765 0.073258
vt 0.895469 0.072863
vt 0.895469 0.065097
vt 0.895469 0.057332
vt 0.895469 0.049567
vt 0.857399 0.226557
vt 0.857399 0.235213
vt 0.850103 0.235189
vt 0.850103 0.226525
vt 0.857399 0.243768
vt 0.850103 0.243717
vt 0.842806 0.235213
vt 0.842806 0.226557
vt 0.842806 0.243768
vt 0.864696 0.226638
vt 0.864696 0.235267
vt 0.864696 0.243895
vt 0.864696 0.252523
vt 0.857399 0.252128
vt 0.850103 0.252044
vt 0.842806 0.252128
vt 0.835510 0.252523
vt 0.835510 0.243895
vt 0.835510 0.235267
vt 0.835510 0.226638
vt 0.917358 0.081618
vt 0.917358 0.090172
vt 0.910061 0.090197
vt 0.910062 0.081668
vt 0.917358 0.098828
vt 0.910062 0.098860
vt 0.902765 0.090172
vt 0.902765 0.081618
vt 0.902765 0.098828
vt 0.924654 0.081491
vt 0.924654 0.090119
vt 0.924654 0.098747
vt 0.924654 0.107376
vt 0.917358 0.107619
vt 0.910062 0.107671
vt 0.902765 0.107619
vt 0.895469 0.107376
vt 0.895469 0.098747
vt 0.895469 0.090119
vt 0.895469 0.081491
vt 0.857399 0.260158
vt 0.857399 0.267976
vt 0.850103 0.267941
vt 0.850103 0.260106
vt 0.857399 0.275647
vt 0.850103 0.275579
vt 0.842806 0.267976
vt 0.842806 0.260158
vt 0.842806 0.275647
vt 0.864696 0.260288
vt 0.864696 0.268054
vt 0.864696 0.275819
vt 0.835510 0.275819
vt 0.835510 0.268054
vt 0.835510 0.260288
vt 0.917358 0.116613
vt 0.917358 0.125722
vt 0.910061 0.125735
vt 0.910062 0.116644
vt 0.917358 0.134883
vt 0.910062 0.134895
vt 0.902765 0.125722
vt 0.902765 0.116613
vt 0.902765 0.134883
vt 0.924654 0.116535
vt 0.924654 0.125695
vt 0.924654 0.134855
vt 0.895469 0.134855
vt 0.895469 0.125695
vt 0.895469 0.116535
vt 0.468653 0.219454
vt 0.493170 0.205031
vt 0.615093 0.205031
vt 0.495513 0.228817
vt 0.468653 0.190608
vt 0.495513 0.181245
vt 0.493170 0.205031
vt 0.474281 0.162316
vt 0.502451 0.158373
vt 0.495513 0.181245
vt 0.485320 0.135666
vt 0.513718 0.137294
vt 0.502451 0.158373
vt 0.501346 0.111681
vt 0.528880 0.118819
vt 0.513718 0.137294
vt 0.521743 0.091284
vt 0.547356 0.103656
vt 0.528880 0.118819
vt 0.545727 0.075258
vt 0.568435 0.092389
vt 0.547356 0.103656
vt 0.572378 0.064219
vt 0.591307 0.085451
vt 0.568435 0.092389
vt 0.600669 0.058592
vt 0.615092 0.083109
vt 0.591307 0.085451
vt 0.629515 0.058592
vt 0.638878 0.085451
vt 0.657807 0.064219
vt 0.661750 0.092389
vt 0.638878 0.085451
vt 0.684457 0.075258
vt 0.682829 0.103656
vt 0.661750 0.092389
vt 0.708442 0.091284
vt 0.701305 0.118819
vt 0.682829 0.103656
vt 0.728839 0.111681
vt 0.716467 0.137294
vt 0.701304 0.118819
vt 0.744865 0.135666
vt 0.727734 0.158373
vt 0.755904 0.162316
vt 0.734672 0.181245
vt 0.761532 0.190608
vt 0.737015 0.205031
vt 0.761532 0.219454
vt 0.734672 0.228817
vt 0.737015 0.205031
vt 0.755904 0.247746
vt 0.727734 0.251689
vt 0.734672 0.228817
vt 0.744865 0.274396
vt 0.716467 0.272767
vt 0.727734 0.251689
vt 0.728839 0.298380
vt 0.701304 0.291243
vt 0.716467 0.272767
vt 0.708442 0.318778
vt 0.682829 0.306406
vt 0.701304 0.291243
vt 0.684457 0.334804
vt 0.661750 0.317672
vt 0.682829 0.306406
vt 0.657807 0.345843
vt 0.638878 0.324611
vt 0.661750 0.317672
vt 0.629515 0.351470
vt 0.615092 0.326953
vt 0.638878 0.324611
vt 0.600669 0.351470
vt 0.591307 0.324610
vt 0.615092 0.326953
vt 0.572378 0.345842
vt 0.568435 0.317672
vt 0.545727 0.334804
vt 0.547356 0.306406
vt 0.568435 0.317672
vt 0.521743 0.318778
vt 0.528880 0.291243
vt 0.547356 0.306406
vt 0.501346 0.298380
vt 0.513718 0.272767
vt 0.528880 0.291243
vt 0.485320 0.274396
vt 0.502451 0.251688
vt 0.513718 0.272767
vt 0.474281 0.247746
vt 0.495513 0.228817
vt 0.502451 0.251688
vt 0.425448 0.223709
vt 0.425448 0.214370
vt 0.427270 0.232869
vt 0.425448 0.205031
vt 0.429092 0.242029
vt 0.425448 0.186352
vt 0.427270 0.177193
vt 0.425448 0.195692
vt 0.429092 0.168033
vt 0.425448 0.205031
vt 0.432736 0.149714
vt 0.436310 0.141085
vt 0.430914 0.158873
vt 0.439884 0.132457
vt 0.447032 0.115201
vt 0.452221 0.107435
vt 0.443458 0.123829
vt 0.457409 0.099670
vt 0.467786 0.084140
vt 0.474390 0.077536
vt 0.462598 0.091905
vt 0.480994 0.070932
vt 0.494201 0.057725
vt 0.501967 0.052536
vt 0.487598 0.064328
vt 0.509732 0.047347
vt 0.525262 0.036970
vt 0.533891 0.033396
vt 0.517497 0.042159
vt 0.542519 0.029822
vt 0.559775 0.022674
vt 0.568935 0.020853
vt 0.551147 0.026248
vt 0.578095 0.019031
vt 0.596414 0.015387
vt 0.605753 0.015387
vt 0.587255 0.017209
vt 0.615093 0.015387
vt 0.633771 0.015387
vt 0.642931 0.017209
vt 0.624432 0.015387
vt 0.652090 0.019031
vt 0.615093 0.015387
vt 0.670410 0.022675
vt 0.679038 0.026249
vt 0.661250 0.020853
vt 0.687666 0.029822
vt 0.704923 0.036970
vt 0.712688 0.042159
vt 0.696294 0.033396
vt 0.720453 0.047347
vt 0.735984 0.057725
vt 0.742588 0.064328
vt 0.728218 0.052536
vt 0.749191 0.070932
vt 0.762399 0.084140
vt 0.767587 0.091905
vt 0.755795 0.077536
vt 0.772776 0.099670
vt 0.749191 0.070932
vt 0.783153 0.115201
vt 0.786727 0.123829
vt 0.777965 0.107435
vt 0.790301 0.132457
vt 0.797449 0.149714
vt 0.799271 0.158873
vt 0.793875 0.141086
vt 0.801093 0.168033
vt 0.804737 0.186353
vt 0.804737 0.195692
vt 0.802915 0.177193
vt 0.804737 0.205031
vt 0.804737 0.223709
vt 0.802915 0.232869
vt 0.804737 0.214370
vt 0.801093 0.242029
vt 0.804737 0.205031
vt 0.797449 0.260348
vt 0.793875 0.268976
vt 0.799271 0.251188
vt 0.790301 0.277605
vt 0.783153 0.294861
vt 0.777964 0.302626
vt 0.786727 0.286233
vt 0.772776 0.310392
vt 0.762399 0.325922
vt 0.755795 0.332526
vt 0.767587 0.318157
vt 0.749191 0.339130
vt 0.772776 0.310392
vt 0.735984 0.352337
vt 0.728218 0.357526
vt 0.742587 0.345733
vt 0.720453 0.362714
vt 0.749191 0.339130
vt 0.704923 0.373091
vt 0.696294 0.376665
vt 0.712688 0.367903
vt 0.687666 0.380239
vt 0.720453 0.362714
vt 0.670410 0.387387
vt 0.661250 0.389209
vt 0.679038 0.383813
vt 0.652090 0.391031
vt 0.687666 0.380239
vt 0.633771 0.394675
vt 0.624432 0.394675
vt 0.642930 0.392853
vt 0.615092 0.394675
vt 0.596414 0.394675
vt 0.587254 0.392853
vt 0.605753 0.394675
vt 0.578095 0.391031
vt 0.615092 0.394675
vt 0.559775 0.387387
vt 0.551147 0.383813
vt 0.568935 0.389209
vt 0.542519 0.380239
vt 0.525262 0.373091
vt 0.517497 0.367903
vt 0.533890 0.376665
vt 0.509732 0.362714
vt 0.494201 0.352337
vt 0.487597 0.345733
vt 0.501966 0.357526
vt 0.480994 0.339130
vt 0.467786 0.325922
vt 0.462598 0.318157
vt 0.474390 0.332526
vt 0.457409 0.310391
vt 0.480994 0.339130
vt 0.447032 0.294861
vt 0.443458 0.286233
vt 0.452220 0.302626
vt 0.439884 0.277604
vt 0.432736 0.260348
vt 0.430914 0.251188
vt 0.436310 0.268976
s 0
usemtl Material.001
f 354/1/1 417/4/1 353/3/1 355/2/1
f 356/5/1 355/7/1 353/3/1 357/6/1
f 358/8/1 357/10/1 353/3/1 359/9/1
f 360/11/1 359/13/1 353/3/1 361/12/1
f 362/14/1 361/16/1 353/3/1 363/15/1
f 364/17/1 363/19/1 353/3/1 365/18/1
f 366/20/1 365/18/1 353/3/1 367/21/1
f 368/22/1 367/21/1 353/3/1 369/23/1
f 370/24/1 369/26/1 353/3/1 371/25/1
f 372/27/1 371/29/1 353/3/1 373/28/1
f 374/30/1 373/32/1 353/3/1 375/31/1
f 376/33/1 375/35/1 353/3/1 377/34/1
f 378/36/1 377/38/1 353/3/1 379/37/1
f 380/39/1 379/41/1 353/3/1 381/40/1
f 382/42/1 381/44/1 353/3/1 383/43/1
f 384/45/1 383/47/1 353/3/1 385/46/1
f 386/48/1 385/50/1 353/3/1 387/49/1
f 388/51/1 387/49/1 353/3/1 389/52/1
f 390/53/1 389/52/1 353/3/1 391/54/1
f 392/55/1 391/57/1 353/3/1 393/56/1
f 394/58/1 393/60/1 353/3/1 395/59/1
f 396/61/1 395/59/1 353/3/1 397/62/1
f 398/63/1 397/65/1 353/3/1 399/64/1
f 400/66/1 399/68/1 353/3/1 401/67/1
f 402/69/1 401/71/1 353/3/1 403/70/1
f 404/72/1 403/70/1 353/3/1 405/73/1
f 406/74/1 405/76/1 353/3/1 407/75/1
f 408/77/1 407/79/1 353/3/1 409/78/1
f 410/80/1 409/78/1 353/3/1 411/81/1
f 412/82/1 411/81/1 353/3/1 413/83/1
f 414/84/1 413/86/1 353/3/1 415/85/1
f 416/87/1 415/89/1 353/3/1 417/88/1
f 2/90/1 70/92/1 354/1/1 65/91/1
f 65/91/1 354/1/1 355/2/1 66/93/1
f 70/92/1 69/94/1 417/4/1 354/1/1
f 1/95/1 67/97/1 356/5/1 158/96/1
f 158/96/1 356/5/1 357/6/1 159/98/1
f 67/97/1 66/99/1 355/7/1 356/5/1
f 32/100/1 160/102/1 358/8/1 155/101/1
f 155/101/1 358/8/1 359/9/1 156/103/1
f 160/102/1 159/98/1 357/10/1 358/8/1
f 31/104/1 157/106/1 360/11/1 152/105/1
f 152/105/1 360/11/1 361/12/1 153/107/1
f 157/106/1 156/103/1 359/13/1 360/11/1
f 30/108/1 154/110/1 362/14/1 149/109/1
f 149/109/1 362/14/1 363/15/1 150/111/1
f 154/110/1 153/112/1 361/16/1 362/14/1
f 29/113/1 151/115/1 364/17/1 146/114/1
f 146/114/1 364/17/1 365/18/1 147/116/1
f 151/115/1 150/111/1 363/19/1 364/17/1
f 28/117/1 148/119/1 366/20/1 143/118/1
f 143/118/1 366/20/1 367/21/1 144/120/1
f 148/119/1 147/121/1 365/18/1 366/20/1
f 27/122/1 145/124/1 368/22/1 140/123/1
f 140/123/1 368/22/1 369/23/1 141/125/1
f 145/124/1 144/126/1 367/21/1 368/22/1
f 26/127/1 142/129/1 370/24/1 137/128/1
f 137/128/1 370/24/1 371/25/1 138/130/1
f 142/129/1 141/131/1 369/26/1 370/24/1
f 25/132/1 139/134/1 372/27/1 134/133/1
f 134/133/1 372/27/1 373/28/1 135/135/1
f 139/134/1 138/130/1 371/29/1 372/27/1
f 24/136/1 136/138/1 374/30/1 131/137/1
f 131/137/1 374/30/1 375/31/1 132/139/1
f 136/138/1 135/140/1 373/32/1 374/30/1
f 23/141/1 133/143/1 376/33/1 128/142/1
f 128/142/1 376/33/1 377/34/1 129/144/1
f 133/143/1 132/145/1 375/35/1 376/33/1
f 22/146/1 130/148/1 378/36/1 125/147/1
f 125/147/1 378/36/1 379/37/1 126/149/1
f 130/148/1 129/144/1 377/38/1 378/36/1
f 21/150/1 127/152/1 380/39/1 122/151/1
f 122/151/1 380/39/1 381/40/1 123/153/1
f 127/152/1 126/149/1 379/41/1 380/39/1
f 20/154/1 124/156/1 382/42/1 119/155/1
f 119/155/1 382/42/1 383/43/1 120/157/1
f 124/156/1 123/153/1 381/44/1 382/42/1
f 19/158/1 121/160/1 384/45/1 116/159/1
f 116/159/1 384/45/1 385/46/1 117/161/1
f 121/160/1 120/157/1 383/47/1 384/45/1
f 18/162/1 118/164/1 386/48/1 113/163/1
f 113/163/1 386/48/1 387/49/1 114/165/1
f 118/164/1 117/161/1 385/50/1 386/48/1
f 17/166/1 115/168/1 388/51/1 110/167/1
f 110/167/1 388/51/1 389/52/1 111/169/1
f 115/168/1 114/170/1 387/49/1 388/51/1
f 16/171/1 112/173/1 390/53/1 107/172/1
f 107/172/1 390/53/1 391/54/1 108/174/1
f 112/173/1 111/169/1 389/52/1 390/53/1
f 15/175/1 109/177/1 392/55/1 104/176/1
f 104/176/1 392/55/1 393/56/1 105/178/1
f 109/177/1 108/174/1 391/57/1 392/55/1
f 14/179/1 106/181/1 394/58/1 101/180/1
f 101/180/1 394/58/1 395/59/1 102/182/1
f 106/181/1 105/178/1 393/60/1 394/58/1
f 13/183/1 103/185/1 396/61/1 98/184/1
f 98/184/1 396/61/1 397/62/1 99/186/1
f 103/185/1 102/182/1 395/59/1 396/61/1
f 12/187/1 100/189/1 398/63/1 95/188/1
f 95/188/1 398/63/1 399/64/1 96/190/1
f 100/189/1 99/191/1 397/65/1 398/63/1
f 11/192/1 97/194/1 400/66/1 92/193/1
f 92/193/1 400/66/1 401/67/1 93/195/1
f 97/194/1 96/196/1 399/68/1 400/66/1
f 10/197/1 94/199/1 402/69/1 89/198/1
f 89/198/1 402/69/1 403/70/1 90/200/1
f 94/199/1 93/195/1 401/71/1 402/69/1
f 9/201/1 91/203/1 404/72/1 86/202/1
f 86/202/1 404/72/1 405/73/1 87/204/1
f 91/203/1 90/200/1 403/70/1 404/72/1
f 8/205/1 88/207/1 406/74/1 83/206/1
f 83/206/1 406/74/1 407/75/1 84/208/1
f 88/207/1 87/204/1 405/76/1 406/74/1
f 7/209/1 85/211/1 408/77/1 80/210/1
f 80/210/1 408/77/1 409/78/1 81/212/1
f 85/211/1 84/213/1 407/79/1 408/77/1
f 6/214/1 82/216/1 410/80/1 77/215/1
f 77/215/1 410/80/1 411/81/1 78/217/1
f 82/216/1 81/212/1 409/78/1 410/80/1
f 5/218/1 79/220/1 412/82/1 74/219/1
f 74/219/1 412/82/1 413/83/1 75/221/1
f 79/220/1 78/222/1 411/81/1 412/82/1
f 4/223/1 76/225/1 414/84/1 71/224/1
f 71/224/1 414/84/1 415/85/1 72/226/1
f 76/225/1 75/221/1 413/86/1 414/84/1
f 3/227/1 73/229/1 416/87/1 68/228/1
f 68/228/1 416/87/1 417/88/1 69/94/1
f 73/229/1 72/226/1 415/89/1 416/87/1
f 418/230/2 421/233/2 422/232/2 419/231/2
f 419/231/3 422/232/3 423/235/3 420/234/3
f 421/233/2 424/237/2 425/236/2 422/232/2
f 422/232/4 425/236/4 426/238/4 423/235/4
f 26/239/5 208/241/5 418/230/5 142/240/5
f 142/240/2 418/230/2 419/231/2 141/242/2
f 141/242/3 419/231/3 420/234/3 140/243/3
f 140/243/6 420/234/6 203/245/6 27/244/6
f 420/234/6 423/235/6 204/246/6 203/245/6
f 423/235/6 426/238/6 205/247/6 204/246/6
f 426/238/6 194/249/6 50/248/6 205/247/6
f 425/236/4 195/250/4 194/249/4 426/238/4
f 424/237/2 196/251/2 195/250/2 425/236/2
f 206/252/5 49/253/5 196/251/5 424/237/5
f 207/254/5 206/252/5 424/237/5 421/233/5
f 208/241/5 207/254/5 421/233/5 418/230/5
f 427/255/7 430/258/7 431/257/7 428/256/7
f 428/256/8 431/257/8 432/260/8 429/259/8
f 430/258/7 433/262/7 434/261/7 431/257/7
f 431/257/8 434/261/8 435/263/8 432/260/8
f 13/264/9 211/266/9 427/255/9 103/265/9
f 103/265/7 427/255/7 428/256/7 102/267/7
f 102/267/8 428/256/8 429/259/8 101/268/8
f 101/268/10 429/259/10 320/270/10 14/269/10
f 429/259/10 432/260/10 321/271/10 320/270/10
f 432/260/10 435/263/10 322/272/10 321/271/10
f 435/263/10 290/274/10 57/273/10 322/272/10
f 434/261/8 291/275/8 290/274/8 435/263/8
f 433/262/7 292/276/7 291/275/7 434/261/7
f 209/277/9 42/278/9 292/276/9 433/262/9
f 210/279/9 209/277/9 433/262/9 430/258/9
f 211/266/9 210/279/9 430/258/9 427/255/9
f 436/280/11 439/283/11 440/282/11 437/281/11
f 437/281/12 440/282/12 441/285/12 438/284/12
f 439/283/11 442/287/11 443/286/11 440/282/11
f 440/282/12 443/286/12 444/288/12 441/285/12
f 27/289/13 203/291/13 436/280/13 145/290/13
f 145/290/11 436/280/11 437/281/11 144/292/11
f 144/292/12 437/281/12 438/284/12 143/293/12
f 143/293/14 438/284/14 323/295/14 28/294/14
f 438/284/14 441/285/14 324/296/14 323/295/14
f 441/285/14 444/288/14 325/297/14 324/296/14
f 444/288/14 308/299/14 63/298/14 325/297/14
f 443/286/12 309/300/12 308/299/12 444/288/12
f 442/287/11 310/301/11 309/300/11 443/286/11
f 205/302/13 50/303/13 310/301/13 442/287/13
f 204/304/13 205/302/13 442/287/13 439/283/13
f 203/291/13 204/304/13 439/283/13 436/280/13
f 445/305/15 448/308/15 449/307/15 446/306/15
f 446/306/16 449/307/16 450/310/16 447/309/16
f 448/308/15 451/312/15 452/311/15 449/307/15
f 449/307/16 452/311/16 453/313/16 450/310/16
f 14/269/17 320/270/17 445/305/17 106/314/17
f 106/314/15 445/305/15 446/306/15 105/315/15
f 105/315/16 446/306/16 447/309/16 104/316/16
f 104/316/18 447/309/18 326/318/18 15/317/18
f 447/309/18 450/310/18 327/319/18 326/318/18
f 450/310/18 453/313/18 328/320/18 327/319/18
f 453/313/18 269/322/18 58/321/18 328/320/18
f 452/311/16 270/323/16 269/322/16 453/313/16
f 451/312/15 271/324/15 270/323/15 452/311/15
f 322/272/17 57/273/17 271/324/17 451/312/17
f 321/271/17 322/272/17 451/312/17 448/308/17
f 320/270/17 321/271/17 448/308/17 445/305/17
f 454/325/19 457/328/19 458/327/19 455/326/19
f 455/326/20 458/327/20 459/330/20 456/329/20
f 457/328/19 460/332/19 461/331/19 458/327/19
f 458/327/20 461/331/20 462/333/20 459/330/20
f 1/334/21 214/336/21 454/325/21 67/335/21
f 67/335/19 454/325/19 455/326/19 66/337/19
f 66/337/20 455/326/20 456/329/20 65/338/20
f 65/338/22 456/329/22 329/340/22 2/339/22
f 456/329/22 459/330/22 330/341/22 329/340/22
f 459/330/22 462/333/22 331/342/22 330/341/22
f 462/333/22 278/344/22 54/343/22 331/342/22
f 461/331/20 279/345/20 278/344/20 462/333/20
f 460/332/19 280/346/19 279/345/19 461/331/19
f 212/347/21 33/348/21 280/346/21 460/332/21
f 213/349/21 212/347/21 460/332/21 457/328/21
f 214/336/21 213/349/21 457/328/21 454/325/21
f 463/350/23 466/353/23 467/352/23 464/351/23
f 464/351/24 467/352/24 468/355/24 465/354/24
f 466/353/23 469/357/23 470/356/23 467/352/23
f 467/352/24 470/356/24 471/358/24 468/355/24
f 28/294/25 323/295/25 463/350/25 148/359/25
f 148/359/23 463/350/23 464/351/23 147/360/23
f 147/360/24 464/351/24 465/354/24 146/361/24
f 146/361/26 465/354/26 215/363/26 29/362/26
f 465/354/26 468/355/26 216/364/26 215/363/26
f 468/355/26 471/358/26 217/365/26 216/364/26
f 471/358/26 311/367/26 51/366/26 217/365/26
f 470/356/24 312/368/24 311/367/24 471/358/24
f 469/357/23 313/369/23 312/368/23 470/356/23
f 325/297/25 63/298/25 313/369/25 469/357/25
f 324/296/25 325/297/25 469/357/25 466/353/25
f 323/295/25 324/296/25 466/353/25 463/350/25
f 472/370/27 475/373/27 476/372/27 473/371/27
f 473/371/28 476/372/28 477/375/28 474/374/28
f 475/373/27 478/377/27 479/376/27 476/372/27
f 476/372/28 479/376/28 480/378/28 477/375/28
f 15/317/29 326/318/29 472/370/29 109/379/29
f 109/379/27 472/370/27 473/371/27 108/380/27
f 108/380/28 473/371/28 474/374/28 107/381/28
f 107/381/30 474/374/30 332/383/30 16/382/30
f 474/374/30 477/375/30 333/384/30 332/383/30
f 477/375/30 480/378/30 334/385/30 333/384/30
f 480/378/30 272/387/30 59/386/30 334/385/30
f 479/376/28 273/388/28 272/387/28 480/378/28
f 478/377/27 274/389/27 273/388/27 479/376/27
f 328/320/29 58/321/29 274/389/29 478/377/29
f 327/319/29 328/320/29 478/377/29 475/373/29
f 326/318/29 327/319/29 475/373/29 472/370/29
f 481/390/31 484/393/31 485/392/31 482/391/31
f 482/391/32 485/392/32 486/395/32 483/394/32
f 484/393/31 487/397/31 488/396/31 485/392/31
f 485/392/32 488/396/32 489/398/32 486/395/32
f 2/399/33 329/401/33 481/390/33 70/400/33
f 70/400/31 481/390/31 482/391/31 69/402/31
f 69/402/32 482/391/32 483/394/32 68/403/32
f 68/403/34 483/394/34 335/405/34 3/404/34
f 483/394/34 486/395/34 336/406/34 335/405/34
f 486/395/34 489/398/34 337/407/34 336/406/34
f 489/398/34 266/409/34 55/408/34 337/407/34
f 488/396/32 267/410/32 266/409/32 489/398/32
f 487/397/31 268/411/31 267/410/31 488/396/31
f 331/412/33 54/413/33 268/411/33 487/397/33
f 330/414/33 331/412/33 487/397/33 484/393/33
f 329/401/33 330/414/33 484/393/33 481/390/33
f 490/415/35 493/418/35 494/417/35 491/416/35
f 491/416/36 494/417/36 495/420/36 492/419/36
f 493/418/35 496/422/35 497/421/35 494/417/35
f 494/417/36 497/421/36 498/423/36 495/420/36
f 29/362/37 215/363/37 490/415/37 151/424/37
f 151/424/35 490/415/35 491/416/35 150/425/35
f 150/425/36 491/416/36 492/419/36 149/426/36
f 149/426/38 492/419/38 218/428/38 30/427/38
f 492/419/38 495/420/38 219/429/38 218/428/38
f 495/420/38 498/423/38 220/430/38 219/429/38
f 498/423/38 197/432/38 52/431/38 220/430/38
f 497/421/36 198/433/36 197/432/36 498/423/36
f 496/422/35 199/434/35 198/433/35 497/421/35
f 217/365/37 51/366/37 199/434/37 496/422/37
f 216/364/37 217/365/37 496/422/37 493/418/37
f 215/363/37 216/364/37 493/418/37 490/415/37
f 499/435/39 502/438/39 503/437/39 500/436/39
f 500/436/40 503/437/40 504/440/40 501/439/40
f 502/438/39 505/442/39 506/441/39 503/437/39
f 503/437/40 506/441/40 507/443/40 504/440/40
f 16/382/41 332/383/41 499/435/41 112/444/41
f 112/444/39 499/435/39 500/436/39 111/445/39
f 111/445/40 500/436/40 501/439/40 110/446/40
f 110/446/42 501/439/42 221/448/42 17/447/42
f 501/439/42 504/440/42 222/449/42 221/448/42
f 504/440/42 507/443/42 223/450/42 222/449/42
f 507/443/42 293/452/42 43/451/42 223/450/42
f 506/441/40 294/453/40 293/452/40 507/443/40
f 505/442/39 295/454/39 294/453/39 506/441/39
f 334/385/41 59/386/41 295/454/41 505/442/41
f 333/384/41 334/385/41 505/442/41 502/438/41
f 332/383/41 333/384/41 502/438/41 499/435/41
f 508/455/43 511/458/43 512/457/43 509/456/43
f 509/456/44 512/457/44 513/460/44 510/459/44
f 511/458/43 514/462/43 515/461/43 512/457/43
f 512/457/44 515/461/44 516/463/44 513/460/44
f 3/404/45 335/405/45 508/455/45 73/464/45
f 73/464/43 508/455/43 509/456/43 72/465/43
f 72/465/44 509/456/44 510/459/44 71/466/44
f 71/466/46 510/459/46 224/468/46 4/467/46
f 510/459/46 513/460/46 225/469/46 224/468/46
f 513/460/46 516/463/46 226/470/46 225/469/46
f 516/463/46 281/472/46 34/471/46 226/470/46
f 515/461/44 282/473/44 281/472/44 516/463/44
f 514/462/43 283/474/43 282/473/43 515/461/43
f 337/407/45 55/408/45 283/474/45 514/462/45
f 336/406/45 337/407/45 514/462/45 511/458/45
f 335/405/45 336/406/45 511/458/45 508/455/45
f 517/475/47 520/478/47 521/477/47 518/476/47
f 518/476/48 521/477/48 522/480/48 519/479/48
f 520/478/47 523/482/47 524/481/47 521/477/47
f 521/477/48 524/481/48 525/483/48 522/480/48
f 30/427/49 218/428/49 517/475/49 154/484/49
f 154/484/47 517/475/47 518/476/47 153/485/47
f 153/485/48 518/476/48 519/479/48 152/486/48
f 152/486/50 519/479/50 227/488/50 31/487/50
f 519/479/50 522/480/50 228/489/50 227/488/50
f 522/480/50 525/483/50 229/490/50 228/489/50
f 525/483/50 200/492/50 53/491/50 229/490/50
f 524/481/48 201/493/48 200/492/48 525/483/48
f 523/482/47 202/494/47 201/493/47 524/481/47
f 220/430/49 52/431/49 202/494/49 523/482/49
f 219/429/49 220/430/49 523/482/49 520/478/49
f 218/428/49 219/429/49 520/478/49 517/475/49
f 526/495/51 529/498/51 530/497/51 527/496/51
f 527/496/52 530/497/52 531/500/52 528/499/52
f 529/498/51 532/502/51 533/501/51 530/497/51
f 530/497/52 533/501/52 534/503/52 531/500/52
f 17/447/53 221/448/53 526/495/53 115/504/53
f 115/504/51 526/495/51 527/496/51 114/505/51
f 114/505/52 527/496/52 528/499/52 113/506/52
f 113/506/54 528/499/54 230/508/54 18/507/54
f 528/499/54 531/500/54 231/509/54 230/508/54
f 531/500/54 534/503/54 232/510/54 231/509/54
f 534/503/54 182/512/54 44/511/54 232/510/54
f 533/501/52 183/513/52 182/512/52 534/503/52
f 532/502/51 184/514/51 183/513/51 533/501/51
f 223/450/53 43/451/53 184/514/53 532/502/53
f 222/449/53 223/450/53 532/502/53 529/498/53
f 221/448/53 222/449/53 529/498/53 526/495/53
f 535/515/55 538/518/55 539/517/55 536/516/55
f 536/516/56 539/517/56 540/520/56 537/519/56
f 538/518/55 541/522/55 542/521/55 539/517/55
f 539/517/56 542/521/56 543/523/56 540/520/56
f 4/467/57 224/468/57 535/515/57 76/524/57
f 76/524/55 535/515/55 536/516/55 75/525/55
f 75/525/56 536/516/56 537/519/56 74/526/56
f 74/526/58 537/519/58 338/528/58 5/527/58
f 537/519/58 540/520/58 339/529/58 338/528/58
f 540/520/58 543/523/58 340/530/58 339/529/58
f 543/523/58 284/532/58 56/531/58 340/530/58
f 542/521/56 285/533/56 284/532/56 543/523/56
f 541/522/55 286/534/55 285/533/55 542/521/55
f 226/470/57 34/471/57 286/534/57 541/522/57
f 225/469/57 226/470/57 541/522/57 538/518/57
f 224/468/57 225/469/57 538/518/57 535/515/57
f 544/535/59 547/538/59 548/537/59 545/536/59
f 545/536/60 548/537/60 549/540/60 546/539/60
f 547/538/59 550/542/59 551/541/59 548/537/59
f 548/537/60 551/541/60 552/543/60 549/540/60
f 31/487/61 227/488/61 544/535/61 157/544/61
f 157/544/59 544/535/59 545/536/59 156/545/59
f 156/545/60 545/536/60 546/539/60 155/546/60
f 155/546/62 546/539/62 341/548/62 32/547/62
f 546/539/62 549/540/62 342/549/62 341/548/62
f 549/540/62 552/543/62 343/550/62 342/549/62
f 552/543/62 314/552/62 64/551/62 343/550/62
f 551/541/60 315/553/60 314/552/60 552/543/60
f 550/542/59 316/554/59 315/553/59 551/541/59
f 229/490/61 53/491/61 316/554/61 550/542/61
f 228/489/61 229/490/61 550/542/61 547/538/61
f 227/488/61 228/489/61 547/538/61 544/535/61
f 553/555/63 556/558/63 557/557/63 554/556/63
f 554/556/64 557/557/64 558/560/64 555/559/64
f 556/558/63 559/562/63 560/561/63 557/557/63
f 557/557/64 560/561/64 561/563/64 558/560/64
f 18/564/65 230/566/65 553/555/65 118/565/65
f 118/565/63 553/555/63 554/556/63 117/567/63
f 117/567/64 554/556/64 555/559/64 116/568/64
f 116/568/66 555/559/66 344/570/66 19/569/66
f 555/559/66 558/560/66 345/571/66 344/570/66
f 558/560/66 561/563/66 346/572/66 345/571/66
f 561/563/66 296/574/66 60/573/66 346/572/66
f 560/561/64 297/575/64 296/574/64 561/563/64
f 559/562/63 298/576/63 297/575/63 560/561/63
f 232/577/65 44/578/65 298/576/65 559/562/65
f 231/579/65 232/577/65 559/562/65 556/558/65
f 230/566/65 231/579/65 556/558/65 553/555/65
f 562/580/67 565/583/67 566/582/67 563/581/67
f 563/581/68 566/582/68 567/585/68 564/584/68
f 565/583/67 568/587/67 569/586/67 566/582/67
f 566/582/68 569/586/68 570/588/68 567/585/68
f 5/527/69 338/528/69 562/580/69 79/589/69
f 79/589/67 562/580/67 563/581/67 78/590/67
f 78/590/68 563/581/68 564/584/68 77/591/68
f 77/591/70 564/584/70 233/593/70 6/592/70
f 564/584/70 567/585/70 234/594/70 233/593/70
f 567/585/70 570/588/70 235/595/70 234/594/70
f 570/588/70 287/597/70 35/596/70 235/595/70
f 569/586/68 288/598/68 287/597/68 570/588/68
f 568/587/67 289/599/67 288/598/67 569/586/67
f 340/530/69 56/531/69 289/599/69 568/587/69
f 339/529/69 340/530/69 568/587/69 565/583/69
f 338/528/69 339/529/69 565/583/69 562/580/69
f 571/600/71 574/603/71 575/602/71 572/601/71
f 572/601/72 575/602/72 576/605/72 573/604/72
f 574/603/71 577/607/71 578/606/71 575/602/71
f 575/602/72 578/606/72 579/608/72 576/605/72
f 32/547/73 341/548/73 571/600/73 160/609/73
f 160/609/71 571/600/71 572/601/71 159/610/71
f 159/610/72 572/601/72 573/604/72 158/611/72
f 158/611/74 573/604/74 214/336/74 1/334/74
f 573/604/74 576/605/74 213/349/74 214/336/74
f 576/605/74 579/608/74 212/347/74 213/349/74
f 579/608/74 317/612/74 33/348/74 212/347/74
f 578/606/72 318/613/72 317/612/72 579/608/72
f 577/607/71 319/614/71 318/613/71 578/606/71
f 343/550/73 64/551/73 319/614/73 577/607/73
f 342/549/73 343/550/73 577/607/73 574/603/73
f 341/548/73 342/549/73 574/603/73 571/600/73
f 580/615/75 583/618/75 584/617/75 581/616/75
f 581/616/76 584/617/76 585/620/76 582/619/76
f 583/618/75 586/622/75 587/621/75 584/617/75
f 584/617/76 587/621/76 588/623/76 585/620/76
f 19/569/77 344/570/77 580/615/77 121/624/77
f 121/624/75 580/615/75 581/616/75 120/625/75
f 120/625/76 581/616/76 582/619/76 119/626/76
f 119/626/78 582/619/78 236/628/78 20/627/78
f 582/619/78 585/620/78 237/629/78 236/628/78
f 585/620/78 588/623/78 238/630/78 237/629/78
f 588/623/78 299/632/78 45/631/78 238/630/78
f 587/621/76 300/633/76 299/632/76 588/623/76
f 586/622/75 301/634/75 300/633/75 587/621/75
f 346/572/77 60/573/77 301/634/77 586/622/77
f 345/571/77 346/572/77 586/622/77 583/618/77
f 344/570/77 345/571/77 583/618/77 580/615/77
f 589/635/79 592/638/79 593/637/79 590/636/79
f 590/636/80 593/637/80 594/640/80 591/639/80
f 592/638/79 595/642/79 596/641/79 593/637/79
f 593/637/80 596/641/80 597/643/80 594/640/80
f 6/592/81 233/593/81 589/635/81 82/644/81
f 82/644/79 589/635/79 590/636/79 81/645/79
f 81/645/80 590/636/80 591/639/80 80/646/80
f 80/646/82 591/639/82 239/648/82 7/647/82
f 591/639/82 594/640/82 240/649/82 239/648/82
f 594/640/82 597/643/82 241/650/82 240/649/82
f 597/643/82 161/652/82 36/651/82 241/650/82
f 596/641/80 162/653/80 161/652/80 597/643/80
f 595/642/79 163/654/79 162/653/79 596/641/79
f 235/595/81 35/596/81 163/654/81 595/642/81
f 234/594/81 235/595/81 595/642/81 592/638/81
f 233/593/81 234/594/81 592/638/81 589/635/81
f 598/655/83 601/658/83 602/657/83 599/656/83
f 599/656/84 602/657/84 603/660/84 600/659/84
f 601/658/83 604/662/83 605/661/83 602/657/83
f 602/657/84 605/661/84 606/663/84 603/660/84
f 20/627/85 236/628/85 598/655/85 124/664/85
f 124/664/83 598/655/83 599/656/83 123/665/83
f 123/665/84 599/656/84 600/659/84 122/666/84
f 122/666/86 600/659/86 242/668/86 21/667/86
f 600/659/86 603/660/86 243/669/86 242/668/86
f 603/660/86 606/663/86 244/670/86 243/669/86
f 606/663/86 185/672/86 46/671/86 244/670/86
f 605/661/84 186/673/84 185/672/84 606/663/84
f 604/662/83 187/674/83 186/673/83 605/661/83
f 238/630/85 45/631/85 187/674/85 604/662/85
f 237/629/85 238/630/85 604/662/85 601/658/85
f 236/628/85 237/629/85 601/658/85 598/655/85
f 607/675/87 610/678/87 611/677/87 608/676/87
f 608/676/88 611/677/88 612/680/88 609/679/88
f 610/678/87 613/682/87 614/681/87 611/677/87
f 611/677/88 614/681/88 615/683/88 612/680/88
f 7/647/89 239/648/89 607/675/89 85/684/89
f 85/684/87 607/675/87 608/676/87 84/685/87
f 84/685/88 608/676/88 609/679/88 83/686/88
f 83/686/90 609/679/90 245/688/90 8/687/90
f 609/679/90 612/680/90 246/689/90 245/688/90
f 612/680/90 615/683/90 247/690/90 246/689/90
f 615/683/90 164/692/90 37/691/90 247/690/90
f 614/681/88 165/693/88 164/692/88 615/683/88
f 613/682/87 166/694/87 165/693/87 614/681/87
f 241/650/89 36/651/89 166/694/89 613/682/89
f 240/649/89 241/650/89 613/682/89 610/678/89
f 239/648/89 240/649/89 610/678/89 607/675/89
f 616/695/91 619/698/91 620/697/91 617/696/91
f 617/696/92 620/697/92 621/700/92 618/699/92
f 619/698/91 622/702/91 623/701/91 620/697/91
f 620/697/92 623/701/92 624/703/92 621/700/92
f 21/667/93 242/668/93 616/695/93 127/704/93
f 127/704/91 616/695/91 617/696/91 126/705/91
f 126/705/92 617/696/92 618/699/92 125/706/92
f 125/706/94 618/699/94 347/708/94 22/707/94
f 618/699/94 621/700/94 348/709/94 347/708/94
f 621/700/94 624/703/94 349/710/94 348/709/94
f 624/703/94 302/712/94 61/711/94 349/710/94
f 623/701/92 303/713/92 302/712/92 624/703/92
f 622/702/91 304/714/91 303/713/91 623/701/91
f 244/670/93 46/671/93 304/714/93 622/702/93
f 243/669/93 244/670/93 622/702/93 619/698/93
f 242/668/93 243/669/93 619/698/93 616/695/93
f 625/715/95 628/718/95 629/717/95 626/716/95
f 626/716/96 629/717/96 630/720/96 627/719/96
f 628/718/95 631/722/95 632/721/95 629/717/95
f 629/717/96 632/721/96 633/723/96 630/720/96
f 8/687/97 245/688/97 625/715/97 88/724/97
f 88/724/95 625/715/95 626/716/95 87/725/95
f 87/725/96 626/716/96 627/719/96 86/726/96
f 86/726/98 627/719/98 248/728/98 9/727/98
f 627/719/98 630/720/98 249/729/98 248/728/98
f 630/720/98 633/723/98 250/730/98 249/729/98
f 633/723/98 167/732/98 38/731/98 250/730/98
f 632/721/96 168/733/96 167/732/96 633/723/96
f 631/722/95 169/734/95 168/733/95 632/721/95
f 247/690/97 37/691/97 169/734/97 631/722/97
f 246/689/97 247/690/97 631/722/97 628/718/97
f 245/688/97 246/689/97 628/718/97 625/715/97
f 634/735/99 637/738/99 638/737/99 635/736/99
f 635/736/100 638/737/100 639/740/100 636/739/100
f 637/738/99 640/742/99 641/741/99 638/737/99
f 638/737/100 641/741/100 642/743/100 639/740/100
f 22/707/101 347/708/101 634/735/101 130/744/101
f 130/744/99 634/735/99 635/736/99 129/745/99
f 129/745/100 635/736/100 636/739/100 128/746/100
f 128/746/102 636/739/102 350/748/102 23/747/102
f 636/739/102 639/740/102 351/749/102 350/748/102
f 639/740/102 642/743/102 352/750/102 351/749/102
f 642/743/102 275/752/102 62/751/102 352/750/102
f 641/741/100 276/753/100 275/752/100 642/743/100
f 640/742/99 277/754/99 276/753/99 641/741/99
f 349/710/101 61/711/101 277/754/101 640/742/101
f 348/709/101 349/710/101 640/742/101 637/738/101
f 347/708/101 348/709/101 637/738/101 634/735/101
f 643/755/103 646/758/103 647/757/103 644/756/103
f 644/756/104 647/757/104 648/760/104 645/759/104
f 646/758/103 649/762/103 650/761/103 647/757/103
f 647/757/104 650/761/104 651/763/104 648/760/104
f 9/764/105 248/766/105 643/755/105 91/765/105
f 91/765/103 643/755/103 644/756/103 90/767/103
f 90/767/104 644/756/104 645/759/104 89/768/104
f 89/768/106 645/759/106 251/770/106 10/769/106
f 645/759/106 648/760/106 252/771/106 251/770/106
f 648/760/106 651/763/106 253/772/106 252/771/106
f 651/763/106 170/774/106 39/773/106 253/772/106
f 650/761/104 171/775/104 170/774/104 651/763/104
f 649/762/103 172/776/103 171/775/103 650/761/103
f 250/777/105 38/778/105 172/776/105 649/762/105
f 249/779/105 250/777/105 649/762/105 646/758/105
f 248/766/105 249/779/105 646/758/105 643/755/105
f 652/780/107 655/783/107 656/782/107 653/781/107
f 653/781/108 656/782/108 657/785/108 654/784/108
f 655/783/107 658/787/107 659/786/107 656/782/107
f 656/782/108 659/786/108 660/788/108 657/785/108
f 23/747/109 350/748/109 652/780/109 133/789/109
f 133/789/110 652/780/110 653/781/110 132/790/110
f 132/790/108 653/781/108 654/784/108 131/791/108
f 131/791/111 654/784/111 254/793/111 24/792/111
f 654/784/111 657/785/111 255/794/111 254/793/111
f 657/785/111 660/788/111 256/795/111 255/794/111
f 660/788/111 305/797/111 47/796/111 256/795/111
f 659/786/108 306/798/108 305/797/108 660/788/108
f 658/787/107 307/799/107 306/798/107 659/786/107
f 352/750/109 62/751/109 307/799/109 658/787/109
f 351/749/109 352/750/109 658/787/109 655/783/109
f 350/748/109 351/749/109 655/783/109 652/780/109
f 661/800/112 664/803/112 665/802/112 662/801/112
f 662/801/113 665/802/113 666/805/113 663/804/113
f 664/803/112 667/807/112 668/806/112 665/802/112
f 665/802/114 668/806/114 669/808/114 666/805/114
f 10/769/115 251/770/115 661/800/115 94/809/115
f 94/809/112 661/800/112 662/801/112 93/810/112
f 93/810/113 662/801/113 663/804/113 92/811/113
f 92/811/116 663/804/116 257/813/116 11/812/116
f 663/804/116 666/805/116 258/814/116 257/813/116
f 666/805/116 669/808/116 259/815/116 258/814/116
f 669/808/116 173/817/116 40/816/116 259/815/116
f 668/806/114 174/818/114 173/817/114 669/808/114
f 667/807/112 175/819/112 174/818/112 668/806/112
f 253/772/115 39/773/115 175/819/115 667/807/115
f 252/771/115 253/772/115 667/807/115 664/803/115
f 251/770/115 252/771/115 664/803/115 661/800/115
f 670/820/117 673/823/117 674/822/117 671/821/117
f 671/821/118 674/822/118 675/825/118 672/824/118
f 673/823/117 676/827/117 677/826/117 674/822/117
f 674/822/118 677/826/118 678/828/118 675/825/118
f 24/792/119 254/793/119 670/820/119 136/829/119
f 136/829/117 670/820/117 671/821/117 135/830/117
f 135/830/118 671/821/118 672/824/118 134/831/118
f 134/831/120 672/824/120 260/833/120 25/832/120
f 672/824/120 675/825/120 261/834/120 260/833/120
f 675/825/120 678/828/120 262/835/120 261/834/120
f 678/828/120 188/837/120 48/836/120 262/835/120
f 677/826/118 189/838/118 188/837/118 678/828/118
f 676/827/117 190/839/117 189/838/117 677/826/117
f 256/795/119 47/796/119 190/839/119 676/827/119
f 255/794/119 256/795/119 676/827/119 673/823/119
f 254/793/119 255/794/119 673/823/119 670/820/119
f 679/840/121 682/843/121 683/842/121 680/841/121
f 680/841/122 683/842/122 684/845/122 681/844/122
f 682/843/121 685/847/121 686/846/121 683/842/121
f 683/842/122 686/846/122 687/848/122 684/845/122
f 11/812/123 257/813/123 679/840/123 97/849/123
f 97/849/121 679/840/121 680/841/121 96/850/121
f 96/850/122 680/841/122 681/844/122 95/851/122
f 95/851/124 681/844/124 263/853/124 12/852/124
f 681/844/124 684/845/124 264/854/124 263/853/124
f 684/845/124 687/848/124 265/855/124 264/854/124
f 687/848/124 176/857/124 41/856/124 265/855/124
f 686/846/122 177/858/122 176/857/122 687/848/122
f 685/847/121 178/859/121 177/858/121 686/846/121
f 259/815/123 40/816/123 178/859/123 685/847/123
f 258/814/123 259/815/123 685/847/123 682/843/123
f 257/813/123 258/814/123 682/843/123 679/840/123
f 688/860/125 691/863/125 692/862/125 689/861/125
f 689/861/126 692/862/126 693/865/126 690/864/126
f 691/863/125 694/867/125 695/866/125 692/862/125
f 692/862/126 695/866/126 696/868/126 693/865/126
f 25/832/127 260/833/127 688/860/127 139/869/127
f 139/869/125 688/860/125 689/861/125 138/870/125
f 138/870/126 689/861/126 690/864/126 137/871/126
f 137/871/128 690/864/128 208/241/128 26/239/128
f 690/864/128 693/865/128 207/254/128 208/241/128
f 693/865/128 696/868/128 206/252/128 207/254/128
f 696/868/128 191/872/128 49/253/128 206/252/128
f 695/866/126 192/873/126 191/872/126 696/868/126
f 694/867/125 193/874/125 192/873/125 695/866/125
f 262/835/127 48/836/127 193/874/127 694/867/127
f 261/834/127 262/835/127 694/867/127 691/863/127
f 260/833/127 261/834/127 691/863/127 688/860/127
f 697/875/129 700/878/129 701/877/129 698/876/129
f 698/876/130 701/877/130 702/880/130 699/879/130
f 700/878/129 703/882/129 704/881/129 701/877/129
f 701/877/130 704/881/130 705/883/130 702/880/130
f 12/852/131 263/853/131 697/875/131 100/884/131
f 100/884/129 697/875/129 698/876/129 99/885/129
f 99/885/130 698/876/130 699/879/130 98/886/130
f 98/886/132 699/879/132 211/266/132 13/264/132
f 699/879/132 702/880/132 210/279/132 211/266/132
f 702/880/132 705/883/132 209/277/132 210/279/132
f 705/883/132 179/887/132 42/278/132 209/277/132
f 704/881/130 180/888/130 179/887/130 705/883/130
f 703/882/129 181/889/129 180/888/129 704/881/129
f 265/855/131 41/856/131 181/889/131 703/882/131
f 264/854/131 265/855/131 703/882/131 700/878/131
f 263/853/131 264/854/131 700/878/131 697/875/131
f 707/890/133 770/893/133 706/892/133 708/891/133
f 709/894/133 708/896/133 706/892/133 710/895/133
f 711/897/133 710/899/133 706/892/133 712/898/133
f 713/900/133 712/902/133 706/892/133 714/901/133
f 715/903/133 714/905/133 706/892/133 716/904/133
f 717/906/133 716/908/133 706/892/133 718/907/133
f 719/909/133 718/911/133 706/892/133 720/910/133
f 721/912/133 720/914/133 706/892/133 722/913/133
f 723/915/133 722/917/133 706/892/133 724/916/133
f 725/918/133 724/916/133 706/892/133 726/919/133
f 727/920/133 726/922/133 706/892/133 728/921/133
f 729/923/133 728/925/133 706/892/133 730/924/133
f 731/926/133 730/928/133 706/892/133 732/927/133
f 733/929/133 732/931/133 706/892/133 734/930/133
f 735/932/133 734/930/133 706/892/133 736/933/133
f 737/934/133 736/933/133 706/892/133 738/935/133
f 739/936/133 738/935/133 706/892/133 740/937/133
f 741/938/133 740/940/133 706/892/133 742/939/133
f 743/941/133 742/943/133 706/892/133 744/942/133
f 745/944/133 744/946/133 706/892/133 746/945/133
f 747/947/133 746/949/133 706/892/133 748/948/133
f 749/950/133 748/952/133 706/892/133 750/951/133
f 751/953/133 750/955/133 706/892/133 752/954/133
f 753/956/133 752/958/133 706/892/133 754/957/133
f 755/959/133 754/961/133 706/892/133 756/960/133
f 757/962/133 756/964/133 706/892/133 758/963/133
f 759/965/133 758/963/133 706/892/133 760/966/133
f 761/967/133 760/969/133 706/892/133 762/968/133
f 763/970/133 762/972/133 706/892/133 764/971/133
f 765/973/133 764/975/133 706/892/133 766/974/133
f 767/976/133 766/978/133 706/892/133 768/977/133
f 769/979/133 768/981/133 706/892/133 770/980/133
f 54/982/133 278/984/133 707/890/133 268/983/133
f 268/983/133 707/890/133 708/891/133 267/985/133
f 278/984/133 279/986/133 770/893/133 707/890/133
f 55/987/133 266/989/133 709/894/133 283/988/133
f 283/988/133 709/894/133 710/895/133 282/990/133
f 266/989/133 267/991/133 708/896/133 709/894/133
f 34/992/133 281/994/133 711/897/133 286/993/133
f 286/993/133 711/897/133 712/898/133 285/995/133
f 281/994/133 282/990/133 710/899/133 711/897/133
f 56/996/133 284/998/133 713/900/133 289/997/133
f 289/997/133 713/900/133 714/901/133 288/999/133
f 284/998/133 285/995/133 712/902/133 713/900/133
f 35/1000/133 287/1002/133 715/903/133 163/1001/133
f 163/1001/133 715/903/133 716/904/133 162/1003/133
f 287/1002/133 288/999/133 714/905/133 715/903/133
f 36/1004/133 161/1006/133 717/906/133 166/1005/133
f 166/1005/133 717/906/133 718/907/133 165/1007/133
f 161/1006/133 162/1003/133 716/908/133 717/906/133
f 37/1008/133 164/1010/133 719/909/133 169/1009/133
f 169/1009/133 719/909/133 720/910/133 168/1011/133
f 164/1010/133 165/1007/133 718/911/133 719/909/133
f 38/1012/133 167/1014/133 721/912/133 172/1013/133
f 172/1013/133 721/912/133 722/913/133 171/1015/133
f 167/1014/133 168/1011/133 720/914/133 721/912/133
f 39/1016/133 170/1018/133 723/915/133 175/1017/133
f 175/1017/133 723/915/133 724/916/133 174/1019/133
f 170/1018/133 171/1015/133 722/917/133 723/915/133
f 40/1020/133 173/1022/133 725/918/133 178/1021/133
f 178/1021/133 725/918/133 726/919/133 177/1023/133
f 173/1022/133 174/1024/133 724/916/133 725/918/133
f 41/1025/133 176/1027/133 727/920/133 181/1026/133
f 181/1026/133 727/920/133 728/921/133 180/1028/133
f 176/1027/133 177/1023/133 726/922/133 727/920/133
f 42/1029/133 179/1031/133 729/923/133 292/1030/133
f 292/1030/133 729/923/133 730/924/133 291/1032/133
f 179/1031/133 180/1028/133 728/925/133 729/923/133
f 57/1033/133 290/1035/133 731/926/133 271/1034/133
f 271/1034/133 731/926/133 732/927/133 270/1036/133
f 290/1035/133 291/1032/133 730/928/133 731/926/133
f 58/1037/133 269/1039/133 733/929/133 274/1038/133
f 274/1038/133 733/929/133 734/930/133 273/1040/133
f 269/1039/133 270/1041/133 732/931/133 733/929/133
f 59/1042/133 272/1044/133 735/932/133 295/1043/133
f 295/1043/133 735/932/133 736/933/133 294/1045/133
f 272/1044/133 273/1040/133 734/930/133 735/932/133
f 43/1046/133 293/1048/133 737/934/133 184/1047/133
f 184/1047/133 737/934/133 738/935/133 183/1049/133
f 293/1048/133 294/1045/133 736/933/133 737/934/133
f 44/1050/133 182/1052/133 739/936/133 298/1051/133
f 298/1051/133 739/936/133 740/937/133 297/1053/133
f 182/1052/133 183/1049/133 738/935/133 739/936/133
f 60/1054/133 296/1056/133 741/938/133 301/1055/133
f 301/1055/133 741/938/133 742/939/133 300/1057/133
f 296/1056/133 297/1058/133 740/940/133 741/938/133
f 45/1059/133 299/1061/133 743/941/133 187/1060/133
f 187/1060/133 743/941/133 744/942/133 186/1062/133
f 299/1061/133 300/1057/133 742/943/133 743/941/133
f 46/1063/133 185/1065/133 745/944/133 304/1064/133
f 304/1064/133 745/944/133 746/945/133 303/1066/133
f 185/1065/133 186/1062/133 744/946/133 745/944/133
f 61/1067/133 302/1069/133 747/947/133 277/1068/133
f 277/1068/133 747/947/133 748/948/133 276/1070/133
f 302/1069/133 303/1071/133 746/949/133 747/947/133
f 62/1072/133 275/1074/133 749/950/133 307/1073/133
f 307/1073/133 749/950/133 750/951/133 306/1075/133
f 275/1074/133 276/1076/133 748/952/133 749/950/133
f 47/1077/133 305/1079/133 751/953/133 190/1078/133
f 190/1078/133 751/953/133 752/954/133 189/1080/133
f 305/1079/133 306/1081/133 750/955/133 751/953/133
f 48/1082/133 188/1084/133 753/956/133 193/1083/133
f 193/1083/133 753/956/133 754/957/133 192/1085/133
f 188/1084/133 189/1086/133 752/958/133 753/956/133
f 49/1087/133 191/1089/133 755/959/133 196/1088/133
f 196/1088/133 755/959/133 756/960/133 195/1090/133
f 191/1089/133 192/1085/133 754/961/133 755/959/133
f 50/1091/133 194/1093/133 757/962/133 310/1092/133
f 310/1092/133 757/962/133 758/963/133 309/1094/133
f 194/1093/133 195/1095/133 756/964/133 757/962/133
f 63/1096/133 308/1098/133 759/965/133 313/1097/133
f 313/1097/133 759/965/133 760/966/133 312/1099/133
f 308/1098/133 309/1094/133 758/963/133 759/965/133
f 51/1100/133 311/1102/133 761/967/133 199/1101/133
f 199/1101/133 761/967/133 762/968/133 198/1103/133
f 311/1102/133 312/1099/133 760/969/133 761/967/133
f 52/1104/133 197/1106/133 763/970/133 202/1105/133
f 202/1105/133 763/970/133 764/971/133 201/1107/133
f 197/1106/133 198/1103/133 762/972/133 763/970/133
f 53/1108/133 200/1110/133 765/973/133 316/1109/133
f 316/1109/133 765/973/133 766/974/133 315/1111/133
f 200/1110/133 201/1112/133 764/975/133 765/973/133
f 64/1113/133 314/1115/133 767/976/133 319/1114/133
f 319/1114/133 767/976/133 768/977/133 318/1116/133
f 314/1115/133 315/1111/133 766/978/133 767/976/133
f 33/1117/133 317/1119/133 769/979/133 280/1118/133
f 280/1118/133 769/979/133 770/980/133 279/986/133
f 317/1119/133 318/1116/133 768/981/133 769/979/133
o Circle.002
v 0.428336 0.000000 3.273595
v 0.428336 -0.638647 3.210694
v 0.428336 -1.252751 3.024408
v 0.428336 -1.818712 2.721895
v 0.428336 -2.314781 2.314781
v 0.428336 -2.721895 1.818712
v 0.428336 -3.024408 1.252751
v 0.428336 -3.210694 0.638647
v 0.428336 -3.273595 0.000000
v 0.428336 -3.210694 -0.638647
v 0.428336 -3.024408 -1.252751
v 0.428336 -2.721895 -1.818712
v 0.428336 -2.314781 -2.314781
v 0.428336 -1.818712 -2.721895
v 0.428336 -1.252751 -3.024408
v 0.428336 -0.638647 -3.210694
v 0.428336 0.000000 -3.273595
v 0.428336 0.638647 -3.210694
v 0.428336 1.252751 -3.024408
v 0.428336 1.818712 -2.721895
v 0.428336 2.314781 -2.314781
v 0.428336 2.721895 -1.818712
v 0.428336 3.024408 -1.252751
v 0.428336 3.210694 -0.638647
v 0.428336 3.273595 0.000000
v 0.428336 3.210694 0.638647
v 0.428336 3.024408 1.252751
v 0.428336 2.721895 1.818712
v 0.428336 2.314781 2.314781
v 0.428336 1.818712 2.721895
v 0.428336 1.252751 3.024408
v 0.428336 0.638647 3.210694
v -0.076267 -0.000000 3.273595
v -0.076267 -1.818712 2.721895
v -0.076267 -2.721895 1.818712
v -0.076267 -3.024408 1.252751
v -0.076267 -3.210695 0.638647
v -0.076267 -3.273595 0.000000
v -0.076267 -3.210695 -0.638647
v -0.076267 -3.024408 -1.252751
v -0.076267 -2.721895 -1.818712
v -0.076267 -2.314781 -2.314781
v -0.076267 -0.000000 -3.273595
v -0.076267 0.638647 -3.210695
v -0.076267 1.818712 -2.721895
v -0.076267 2.314781 -2.314781
v -0.076267 3.210695 -0.638647
v -0.076267 3.273595 0.000000
v -0.076267 3.210695 0.638647
v -0.076267 3.024408 1.252751
v -0.076267 2.314781 2.314781
v -0.076267 1.818712 2.721895
v -0.076267 1.252751 3.024408
v -0.076267 -0.638647 3.210695
v -0.076267 -1.252751 3.024408
v -0.076267 -2.314781 2.314781
v -0.076267 -1.818712 -2.721895
v -0.076267 -1.252751 -3.024408
v -0.076267 -0.638647 -3.210695
v -0.076267 1.252751 -3.024408
v -0.076267 2.721895 -1.818712
v -0.076267 3.024408 -1.252751
v -0.076267 2.721895 1.818712
v -0.076267 0.638647 3.210695
v 0.428336 -0.480336 3.238156
v 0.428336 -0.320867 3.257819
v 0.428336 -0.160627 3.269645
v 0.428336 -1.102839 3.082227
v 0.428336 -0.950271 3.132623
v 0.428336 -0.795416 3.175483
v 0.428336 -1.682961 2.807850
v 0.428336 -1.543156 2.887042
v 0.428336 -1.399639 2.959289
v 0.428336 -2.198408 2.425569
v 0.428336 -2.076739 2.530514
v 0.428336 -1.950074 2.629371
v 0.428336 -2.629371 1.950074
v 0.428336 -2.530514 2.076739
v 0.428336 -2.425569 2.198408
v 0.428336 -2.959289 1.399639
v 0.428336 -2.887042 1.543156
v 0.428336 -2.807850 1.682961
v 0.428336 -3.175483 0.795416
v 0.428336 -3.132623 0.950271
v 0.428336 -3.082227 1.102839
v 0.428336 -3.269645 0.160627
v 0.428336 -3.257820 0.320867
v 0.428336 -3.238156 0.480336
v 0.428336 -3.238156 -0.480336
v 0.428336 -3.257819 -0.320867
v 0.428336 -3.269645 -0.160627
v 0.428336 -3.082227 -1.102839
v 0.428336 -3.132623 -0.950271
v 0.428336 -3.175483 -0.795416
v 0.428336 -2.807850 -1.682961
v 0.428336 -2.887042 -1.543156
v 0.428336 -2.959289 -1.399639
v 0.428336 -2.425569 -2.198408
v 0.428336 -2.530514 -2.076739
v 0.428336 -2.629371 -1.950074
v 0.428336 -1.950074 -2.629371
v 0.428336 -2.076739 -2.530514
v 0.428336 -2.198408 -2.425569
v 0.428336 -1.399639 -2.959289
v 0.428336 -1.543156 -2.887042
v 0.428336 -1.682961 -2.807850
v 0.428336 -0.795416 -3.175483
v 0.428336 -0.950271 -3.132623
v 0.428336 -1.102839 -3.082227
v 0.428336 -0.160627 -3.269645
v 0.428336 -0.320867 -3.257820
v 0.428336 -0.480336 -3.238156
v 0.428336 0.480336 -3.238156
v 0.428336 0.320867 -3.257819
v 0.428336 0.160627 -3.269645
v 0.428336 1.102839 -3.082227
v 0.428336 0.950271 -3.132623
v 0.428336 0.795416 -3.175483
v 0.428336 1.682961 -2.807850
v 0.428336 1.543156 -2.887042
v 0.428336 1.399639 -2.959289
v 0.428336 2.198408 -2.425569
v 0.428336 2.076739 -2.530514
v 0.428336 1.950074 -2.629371
v 0.428336 2.629371 -1.950074
v 0.428336 2.530514 -2.076739
v 0.428336 2.425569 -2.198408
v 0.428336 2.959289 -1.399639
v 0.428336 2.887042 -1.543156
v 0.428336 2.807850 -1.682961
v 0.428336 3.175483 -0.795416
v 0.428336 3.132623 -0.950271
v 0.428336 3.082227 -1.102839
v 0.428336 3.269645 -0.160627
v 0.428336 3.257820 -0.320867
v 0.428336 3.238156 -0.480336
v 0.428336 3.238156 0.480336
v 0.428336 3.257819 0.320867
v 0.428336 3.269645 0.160627
v 0.428336 3.082227 1.102839
v 0.428336 3.132623 0.950271
v 0.428336 3.175483 0.795416
v 0.428336 2.807850 1.682961
v 0.428336 2.887042 1.543156
v 0.428336 2.959289 1.399639
v 0.428336 2.425569 2.198408
v 0.428336 2.530514 2.076739
v 0.428336 2.629371 1.950074
v 0.428336 1.950074 2.629371
v 0.428336 2.076739 2.530514
v 0.428336 2.198408 2.425569
v 0.428336 1.399639 2.959289
v 0.428336 1.543156 2.887042
v 0.428336 1.682961 2.807850
v 0.428336 0.795416 3.175483
v 0.428336 0.950271 3.132623
v 0.428336 1.102839 3.082227
v 0.428336 0.160627 3.269645
v 0.428336 0.320867 3.257820
v 0.428336 0.480336 3.238156
v -0.076267 -2.959289 1.399639
v -0.076267 -2.887042 1.543156
v -0.076267 -2.807850 1.682961
v -0.076267 -3.175483 0.795416
v -0.076267 -3.132623 0.950271
v -0.076267 -3.082227 1.102839
v -0.076267 -3.269645 0.160627
v -0.076267 -3.257820 0.320867
v -0.076267 -3.238156 0.480336
v -0.076267 -3.238156 -0.480336
v -0.076267 -3.257819 -0.320867
v -0.076267 -3.269645 -0.160627
v -0.076267 -3.082227 -1.102839
v -0.076267 -3.132623 -0.950271
v -0.076267 -3.175483 -0.795416
v -0.076267 -2.807850 -1.682961
v -0.076267 -2.887042 -1.543156
v -0.076267 -2.959289 -1.399639
v -0.076267 -2.425568 -2.198408
v -0.076267 -2.530514 -2.076739
v -0.076267 -2.629371 -1.950074
v -0.076267 0.480336 -3.238156
v -0.076267 0.320867 -3.257819
v -0.076267 0.160627 -3.269645
v -0.076267 2.198408 -2.425568
v -0.076267 2.076739 -2.530514
v -0.076267 1.950074 -2.629371
v -0.076267 3.269645 -0.160627
v -0.076267 3.257820 -0.320867
v -0.076267 3.238156 -0.480336
v -0.076267 3.238156 0.480336
v -0.076267 3.257819 0.320867
v -0.076267 3.269645 0.160627
v -0.076267 3.082227 1.102839
v -0.076267 3.132623 0.950271
v -0.076267 3.175483 0.795416
v -0.076267 1.950074 2.629371
v -0.076267 2.076739 2.530514
v -0.076267 2.198408 2.425569
v -0.076267 1.399639 2.959289
v -0.076267 1.543156 2.887042
v -0.076267 1.682961 2.807850
v 0.302185 3.024408 1.252751
v 0.176034 3.024408 1.252751
v 0.049884 3.024408 1.252751
v 0.049884 3.210694 0.638647
v 0.176034 3.210694 0.638647
v 0.302185 3.210694 0.638647
v 0.049884 -2.314781 -2.314781
v 0.176035 -2.314781 -2.314781
v 0.302186 -2.314781 -2.314781
v 0.049884 -0.000000 3.273595
v 0.176035 -0.000000 3.273595
v 0.302185 -0.000000 3.273595
v 0.302185 2.314781 2.314781
v 0.176034 2.314781 2.314781
v 0.049884 2.314781 2.314781
v 0.302185 1.818712 2.721895
v 0.176034 1.818712 2.721895
v 0.049884 1.818712 2.721895
v 0.302185 -0.000000 -3.273595
v 0.176035 -0.000000 -3.273595
v 0.049884 -0.000000 -3.273595
v 0.302185 -1.818712 2.721895
v 0.176035 -1.818712 2.721895
v 0.049884 -1.818712 2.721895
v 0.302185 1.252751 3.024408
v 0.176034 1.252751 3.024408
v 0.049884 1.252751 3.024408
v 0.302185 0.638647 -3.210694
v 0.176034 0.638647 -3.210694
v 0.049884 0.638647 -3.210694
v 0.302186 -2.721895 1.818712
v 0.176035 -2.721895 1.818712
v 0.049884 -2.721895 1.818712
v 0.302185 1.818712 -2.721895
v 0.176034 1.818712 -2.721895
v 0.049884 1.818712 -2.721895
v 0.302186 -3.024408 1.252751
v 0.176035 -3.024408 1.252751
v 0.049884 -3.024408 1.252751
v 0.302185 2.314781 -2.314781
v 0.176034 2.314781 -2.314781
v 0.049884 2.314781 -2.314781
v 0.302186 -3.210694 0.638647
v 0.176035 -3.210694 0.638647
v 0.049884 -3.210694 0.638647
v 0.302186 -3.273595 -0.000000
v 0.176035 -3.273595 0.000000
v 0.049884 -3.273595 -0.000000
v 0.302186 -3.210694 -0.638647
v 0.176035 -3.210694 -0.638647
v 0.049884 -3.210694 -0.638647
v 0.302185 3.210694 -0.638647
v 0.176034 3.210694 -0.638647
v 0.049884 3.210694 -0.638647
v 0.302186 -3.024408 -1.252751
v 0.176035 -3.024408 -1.252751
v 0.049884 -3.024408 -1.252751
v 0.302185 3.273595 0.000000
v 0.176034 3.273595 0.000000
v 0.049884 3.273595 0.000000
v 0.302186 -2.721895 -1.818712
v 0.176035 -2.721895 -1.818712
v 0.049884 -2.721895 -1.818712
v -0.076267 -1.102839 3.082227
v -0.076267 -0.950271 3.132623
v -0.076267 -0.795416 3.175483
v -0.076267 -1.399639 -2.959289
v -0.076267 -1.543156 -2.887042
v -0.076267 -1.682961 -2.807850
v -0.076267 -0.795416 -3.175483
v -0.076267 -0.950271 -3.132623
v -0.076267 -1.102839 -3.082227
v -0.076267 2.959289 -1.399639
v -0.076267 2.887042 -1.543156
v -0.076267 2.807850 -1.682961
v -0.076267 -0.480336 3.238156
v -0.076267 -0.320867 3.257819
v -0.076267 -0.160627 3.269645
v -0.076267 -1.682961 2.807850
v -0.076267 -1.543156 2.887042
v -0.076267 -1.399639 2.959289
v -0.076267 -2.198408 2.425568
v -0.076267 -2.076739 2.530514
v -0.076267 -1.950074 2.629371
v -0.076267 -2.629371 1.950074
v -0.076267 -2.530514 2.076739
v -0.076267 -2.425569 2.198408
v -0.076267 -1.950074 -2.629371
v -0.076267 -2.076739 -2.530514
v -0.076267 -2.198408 -2.425569
v -0.076267 -0.160627 -3.269645
v -0.076267 -0.320867 -3.257820
v -0.076267 -0.480336 -3.238156
v -0.076267 1.102839 -3.082227
v -0.076267 0.950271 -3.132623
v -0.076267 0.795416 -3.175483
v -0.076267 1.682961 -2.807850
v -0.076267 1.543156 -2.887042
v -0.076267 1.399639 -2.959289
v -0.076267 2.629371 -1.950074
v -0.076267 2.530514 -2.076739
v -0.076267 2.425569 -2.198408
v -0.076267 3.175483 -0.795416
v -0.076267 3.132623 -0.950271
v -0.076267 3.082227 -1.102839
v -0.076267 2.807850 1.682961
v -0.076267 2.887042 1.543156
v -0.076267 2.959289 1.399639
v -0.076267 2.425568 2.198408
v -0.076267 2.530514 2.076739
v -0.076267 2.629371 1.950074
v -0.076267 0.795416 3.175483
v -0.076267 0.950271 3.132623
v -0.076267 1.102839 3.082227
v -0.076267 0.160627 3.269645
v -0.076267 0.320867 3.257820
v -0.076267 0.480336 3.238156
v 0.302185 -1.818712 -2.721895
v 0.176035 -1.818712 -2.721895
v 0.049884 -1.818712 -2.721895
v 0.302185 2.721895 1.818712
v 0.176034 2.721895 1.818712
v 0.049884 2.721895 1.818712
v 0.302185 -1.252751 -3.024408
v 0.176035 -1.252751 -3.024408
v 0.049884 -1.252751 -3.024408
v 0.302185 -0.638647 3.210694
v 0.176035 -0.638647 3.210694
v 0.049884 -0.638647 3.210694
v 0.302185 -0.638647 -3.210694
v 0.176035 -0.638647 -3.210694
v 0.049884 -0.638647 -3.210694
v 0.302185 -1.252751 3.024408
v 0.176035 -1.252751 3.024408
v 0.049884 -1.252751 3.024408
v 0.302186 -2.314781 2.314781
v 0.176035 -2.314781 2.314781
v 0.049884 -2.314781 2.314781
v 0.302185 0.638647 3.210694
v 0.176034 0.638647 3.210694
v 0.049884 0.638647 3.210694
v 0.302185 1.252751 -3.024408
v 0.176034 1.252751 -3.024408
v 0.049884 1.252751 -3.024408
v 0.302185 2.721895 -1.818712
v 0.176034 2.721895 -1.818712
v 0.049884 2.721895 -1.818712
v 0.302185 3.024408 -1.252751
v 0.176034 3.024408 -1.252751
v 0.049884 3.024408 -1.252751
v 0.428336 -0.000000 0.000000
v 0.428336 -0.495408 2.490582
v 0.428336 -0.206349 2.095093
v 0.428336 -0.000000 2.539375
v 0.428336 0.206349 2.095093
v 0.428336 0.495408 2.490582
v 0.428336 0.611116 2.014580
v 0.428336 0.971777 2.346077
v 0.428336 0.992399 1.856647
v 0.428336 1.410802 2.111413
v 0.428336 1.335544 1.627365
v 0.428336 1.795609 1.795609
v 0.428336 1.627365 1.335544
v 0.428336 2.111413 1.410802
v 0.428336 1.856647 0.992399
v 0.428336 2.346077 0.971777
v 0.428336 2.014580 0.611116
v 0.428336 2.490582 0.495408
v 0.428336 2.095093 0.206349
v 0.428336 2.539375 -0.000000
v 0.428336 2.095093 -0.206349
v 0.428336 2.490582 -0.495408
v 0.428336 2.014580 -0.611116
v 0.428336 2.346077 -0.971777
v 0.428336 1.856647 -0.992399
v 0.428336 2.111413 -1.410801
v 0.428336 1.627365 -1.335544
v 0.428336 1.795609 -1.795609
v 0.428336 1.335544 -1.627365
v 0.428336 1.410802 -2.111413
v 0.428336 0.992399 -1.856647
v 0.428336 0.971777 -2.346077
v 0.428336 0.611116 -2.014580
v 0.428336 0.495408 -2.490582
v 0.428336 0.206349 -2.095093
v 0.428336 0.000000 -2.539375
v 0.428336 -0.206349 -2.095093
v 0.428336 -0.495408 -2.490582
v 0.428336 -0.611116 -2.014580
v 0.428336 -0.971777 -2.346077
v 0.428336 -0.992399 -1.856647
v 0.428336 -1.410801 -2.111413
v 0.428336 -1.335544 -1.627365
v 0.428336 -1.795609 -1.795609
v 0.428336 -1.627365 -1.335544
v 0.428336 -2.111413 -1.410802
v 0.428336 -1.856647 -0.992399
v 0.428336 -2.346077 -0.971777
v 0.428336 -2.014580 -0.611116
v 0.428336 -2.490582 -0.495408
v 0.428336 -2.095093 -0.206349
v 0.428336 -2.539375 -0.000000
v 0.428336 -2.095093 0.206349
v 0.428336 -2.490582 0.495408
v 0.428336 -2.014580 0.611116
v 0.428336 -2.346077 0.971777
v 0.428336 -1.856647 0.992399
v 0.428336 -2.111413 1.410801
v 0.428336 -1.627365 1.335544
v 0.428336 -1.795609 1.795610
v 0.428336 -1.335544 1.627365
v 0.428336 -1.410802 2.111413
v 0.428336 -0.992399 1.856647
v 0.428336 -0.971777 2.346077
v 0.428336 -0.611116 2.014580
v 0.302185 3.175483 0.795416
v 0.302185 3.132623 0.950271
v 0.302185 3.082227 1.102839
v 0.176034 3.175483 0.795416
v 0.176034 3.132623 0.950271
v 0.176034 3.082227 1.102839
v 0.049884 3.175483 0.795416
v 0.049884 3.132623 0.950271
v 0.049884 3.082227 1.102839
v 0.302186 -2.198408 -2.425568
v 0.302186 -2.076739 -2.530514
v 0.302186 -1.950074 -2.629371
v 0.176035 -2.198408 -2.425568
v 0.176035 -2.076739 -2.530514
v 0.176035 -1.950074 -2.629371
v 0.049884 -2.198408 -2.425568
v 0.049884 -2.076739 -2.530514
v 0.049884 -1.950074 -2.629371
v 0.302185 2.959289 1.399639
v 0.302185 2.887042 1.543156
v 0.302185 2.807850 1.682961
v 0.176034 2.959289 1.399639
v 0.176034 2.887042 1.543156
v 0.176034 2.807850 1.682961
v 0.049884 2.959289 1.399639
v 0.049884 2.887042 1.543156
v 0.049884 2.807850 1.682961
v 0.302185 -1.682961 -2.807850
v 0.302185 -1.543156 -2.887042
v 0.302185 -1.399639 -2.959289
v 0.176035 -1.682961 -2.807850
v 0.176035 -1.543156 -2.887042
v 0.176035 -1.399639 -2.959289
v 0.049884 -1.682961 -2.807850
v 0.049884 -1.543156 -2.887042
v 0.049884 -1.399639 -2.959289
v 0.302185 -0.160627 3.269645
v 0.302185 -0.320867 3.257819
v 0.302185 -0.480336 3.238156
v 0.176035 -0.160627 3.269645
v 0.176035 -0.320867 3.257820
v 0.176035 -0.480336 3.238156
v 0.049884 -0.160627 3.269645
v 0.049884 -0.320867 3.257819
v 0.049884 -0.480336 3.238156
v 0.302185 2.629371 1.950074
v 0.302185 2.530514 2.076739
v 0.302185 2.425568 2.198408
v 0.176034 2.629371 1.950074
v 0.176034 2.530514 2.076739
v 0.176034 2.425568 2.198408
v 0.049884 2.629371 1.950074
v 0.049884 2.530514 2.076739
v 0.049884 2.425568 2.198408
v 0.302185 -1.102839 -3.082227
v 0.302185 -0.950271 -3.132623
v 0.302185 -0.795416 -3.175483
v 0.176035 -1.102839 -3.082227
v 0.176035 -0.950271 -3.132623
v 0.176035 -0.795416 -3.175483
v 0.049884 -1.102839 -3.082227
v 0.049884 -0.950271 -3.132623
v 0.049884 -0.795416 -3.175483
v 0.302185 -0.795416 3.175483
v 0.302185 -0.950271 3.132623
v 0.302185 -1.102839 3.082227
v 0.176035 -0.795416 3.175483
v 0.176035 -0.950271 3.132623
v 0.176035 -1.102839 3.082227
v 0.049884 -0.795416 3.175483
v 0.049884 -0.950271 3.132623
v 0.049884 -1.102839 3.082227
v 0.302185 2.198408 2.425568
v 0.302185 2.076739 2.530514
v 0.302185 1.950074 2.629371
v 0.176034 2.198408 2.425568
v 0.176034 2.076739 2.530514
v 0.176034 1.950074 2.629371
v 0.049884 2.198408 2.425568
v 0.049884 2.076739 2.530514
v 0.049884 1.950074 2.629371
v 0.302185 -0.480336 -3.238157
v 0.302185 -0.320867 -3.257819
v 0.302185 -0.160627 -3.269645
v 0.176035 -0.480336 -3.238157
v 0.176035 -0.320867 -3.257819
v 0.176035 -0.160627 -3.269645
v 0.049884 -0.480336 -3.238157
v 0.049884 -0.320867 -3.257819
v 0.049884 -0.160627 -3.269645
v 0.302185 -1.399639 2.959289
v 0.302185 -1.543156 2.887042
v 0.302185 -1.682961 2.807850
v 0.176035 -1.399639 2.959289
v 0.176035 -1.543156 2.887042
v 0.176035 -1.682961 2.807850
v 0.049884 -1.399639 2.959289
v 0.049884 -1.543156 2.887042
v 0.049884 -1.682961 2.807850
v 0.302185 1.682961 2.807850
v 0.302185 1.543156 2.887042
v 0.302185 1.399639 2.959289
v 0.176034 1.682961 2.807850
v 0.176034 1.543156 2.887042
v 0.176034 1.399639 2.959289
v 0.049884 1.682961 2.807850
v 0.049884 1.543156 2.887042
v 0.049884 1.399639 2.959289
v 0.302185 0.160627 -3.269645
v 0.302185 0.320867 -3.257819
v 0.302185 0.480336 -3.238156
v 0.176035 0.160627 -3.269645
v 0.176035 0.320867 -3.257820
v 0.176035 0.480336 -3.238156
v 0.049884 0.160627 -3.269645
v 0.049884 0.320867 -3.257819
v 0.049884 0.480336 -3.238156
v 0.302186 -1.950074 2.629371
v 0.302186 -2.076739 2.530514
v 0.302186 -2.198408 2.425568
v 0.176035 -1.950074 2.629371
v 0.176035 -2.076739 2.530514
v 0.176035 -2.198408 2.425568
v 0.049884 -1.950074 2.629371
v 0.049884 -2.076739 2.530514
v 0.049884 -2.198408 2.425568
v 0.302185 1.102839 3.082227
v 0.302185 0.950271 3.132623
v 0.302185 0.795416 3.175483
v 0.176034 1.102839 3.082227
v 0.176035 0.950271 3.132623
v 0.176035 0.795416 3.175483
v 0.049884 1.102839 3.082227
v 0.049884 0.950271 3.132623
v 0.049884 0.795416 3.175483
v 0.302185 0.795416 -3.175483
v 0.302185 0.950271 -3.132623
v 0.302185 1.102839 -3.082227
v 0.176035 0.795416 -3.175483
v 0.176035 0.950271 -3.132623
v 0.176034 1.102839 -3.082227
v 0.049884 0.795416 -3.175483
v 0.049884 0.950271 -3.132623
v 0.049884 1.102839 -3.082227
v 0.302186 -2.425568 2.198408
v 0.302186 -2.530514 2.076739
v 0.302186 -2.629371 1.950074
v 0.176035 -2.425568 2.198408
v 0.176035 -2.530514 2.076739
v 0.176035 -2.629371 1.950074
v 0.049884 -2.425568 2.198408
v 0.049884 -2.530514 2.076739
v 0.049884 -2.629371 1.950074
v 0.302185 0.480336 3.238157
v 0.302185 0.320867 3.257819
v 0.302185 0.160627 3.269645
v 0.176035 0.480336 3.238157
v 0.176035 0.320867 3.257819
v 0.176035 0.160627 3.269645
v 0.049884 0.480336 3.238157
v 0.049884 0.320867 3.257819
v 0.049884 0.160627 3.269645
v 0.302185 1.399639 -2.959289
v 0.302185 1.543156 -2.887042
v 0.302185 1.682961 -2.807850
v 0.176034 1.399639 -2.959289
v 0.176034 1.543156 -2.887042
v 0.176034 1.682961 -2.807850
v 0.049884 1.399639 -2.959289
v 0.049884 1.543156 -2.887042
v 0.049884 1.682961 -2.807850
v 0.302186 -2.807850 1.682961
v 0.302186 -2.887042 1.543156
v 0.302186 -2.959289 1.399639
v 0.176035 -2.807850 1.682961
v 0.176035 -2.887042 1.543156
v 0.176035 -2.959289 1.399639
v 0.049884 -2.807850 1.682961
v 0.049884 -2.887042 1.543156
v 0.049884 -2.959289 1.399639
v 0.302185 1.950074 -2.629371
v 0.302185 2.076739 -2.530514
v 0.302185 2.198408 -2.425568
v 0.176034 1.950074 -2.629371
v 0.176034 2.076739 -2.530514
v 0.176034 2.198408 -2.425568
v 0.049884 1.950074 -2.629371
v 0.049884 2.076739 -2.530514
v 0.049884 2.198408 -2.425568
v 0.302186 -3.082227 1.102839
v 0.302186 -3.132623 0.950271
v 0.302186 -3.175483 0.795416
v 0.176035 -3.082227 1.102839
v 0.176035 -3.132623 0.950271
v 0.176035 -3.175483 0.795416
v 0.049884 -3.082227 1.102839
v 0.049884 -3.132623 0.950271
v 0.049884 -3.175483 0.795416
v 0.302185 2.425568 -2.198408
v 0.302185 2.530514 -2.076739
v 0.302185 2.629371 -1.950074
v 0.176034 2.425568 -2.198408
v 0.176034 2.530514 -2.076739
v 0.176034 2.629371 -1.950074
v 0.049884 2.425568 -2.198408
v 0.049884 2.530514 -2.076739
v 0.049884 2.629371 -1.950074
v 0.302186 -3.238157 0.480336
v 0.302186 -3.257819 0.320867
v 0.302186 -3.269645 0.160627
v 0.176035 -3.238157 0.480336
v 0.176035 -3.257819 0.320867
v 0.176035 -3.269645 0.160627
v 0.049884 -3.238157 0.480336
v 0.049884 -3.257819 0.320867
v 0.049884 -3.269645 0.160627
v 0.302185 2.807850 -1.682961
v 0.302185 2.887042 -1.543156
v 0.302185 2.959289 -1.399639
v 0.176034 2.807850 -1.682961
v 0.176034 2.887042 -1.543156
v 0.176034 2.959289 -1.399639
v 0.049884 2.807850 -1.682961
v 0.049884 2.887042 -1.543156
v 0.049884 2.959289 -1.399639
v 0.302186 -3.269645 -0.160627
v 0.302186 -3.257819 -0.320867
v 0.302186 -3.238156 -0.480336
v 0.176035 -3.269645 -0.160627
v 0.176035 -3.257820 -0.320867
v 0.176035 -3.238156 -0.480336
v 0.049884 -3.269645 -0.160627
v 0.049884 -3.257819 -0.320867
v 0.049884 -3.238156 -0.480336
v 0.302185 3.082227 -1.102839
v 0.302185 3.132623 -0.950271
v 0.302185 3.175483 -0.795416
v 0.176034 3.082227 -1.102839
v 0.176034 3.132623 -0.950271
v 0.176034 3.175483 -0.795416
v 0.049884 3.082227 -1.102839
v 0.049884 3.132623 -0.950271
v 0.049884 3.175483 -0.795416
v 0.302186 -3.175483 -0.795416
v 0.302186 -3.132623 -0.950271
v 0.302186 -3.082227 -1.102839
v 0.176035 -3.175483 -0.795416
v 0.176035 -3.132623 -0.950271
v 0.176035 -3.082227 -1.102839
v 0.049884 -3.175483 -0.795416
v 0.049884 -3.132623 -0.950271
v 0.049884 -3.082227 -1.102839
v 0.302185 3.238157 -0.480336
v 0.302185 3.257819 -0.320867
v 0.302185 3.269645 -0.160627
v 0.176034 3.238157 -0.480336
v 0.176034 3.257819 -0.320867
v 0.176034 3.269645 -0.160627
v 0.049884 3.238157 -0.480336
v 0.049884 3.257819 -0.320867
v 0.049884 3.269645 -0.160627
v 0.302186 -2.959289 -1.399639
v 0.302186 -2.887042 -1.543156
v 0.302186 -2.807850 -1.682961
v 0.176035 -2.959289 -1.399639
v 0.176035 -2.887042 -1.543156
v 0.176035 -2.807850 -1.682961
v 0.049884 -2.959289 -1.399639
v 0.049884 -2.887042 -1.543156
v 0.049884 -2.807850 -1.682961
v 0.302185 3.269645 0.160627
v 0.302185 3.257819 0.320867
v 0.302185 3.238156 0.480336
v 0.176034 3.269645 0.160627
v 0.176034 3.257820 0.320867
v 0.176034 3.238156 0.480336
v 0.049884 3.269645 0.160627
v 0.049884 3.257819 0.320867
v 0.049884 3.238156 0.480336
v 0.302186 -2.629371 -1.950074
v 0.302186 -2.530514 -2.076739
v 0.302186 -2.425568 -2.198408
v 0.176035 -2.629371 -1.950074
v 0.176035 -2.530514 -2.076739
v 0.176035 -2.425568 -2.198408
v 0.049884 -2.629371 -1.950074
v 0.049884 -2.530514 -2.076739
v 0.049884 -2.425568 -2.198408
v -0.076267 0.000000 0.000000
v -0.076267 -0.495408 2.490582
v -0.076267 -0.611116 2.014580
v -0.076267 -0.971777 2.346077
v -0.076267 -0.992399 1.856647
v -0.076267 -1.410801 2.111413
v -0.076267 -1.335544 1.627365
v -0.076267 -1.795610 1.795609
v -0.076267 -1.627365 1.335544
v -0.076267 -2.111413 1.410802
v -0.076267 -1.856647 0.992399
v -0.076267 -2.346077 0.971777
v -0.076267 -2.014580 0.611116
v -0.076267 -2.490582 0.495408
v -0.076267 -2.095093 0.206349
v -0.076267 -2.539375 0.000000
v -0.076267 -2.095093 -0.206349
v -0.076267 -2.490582 -0.495408
v -0.076267 -2.014580 -0.611116
v -0.076267 -2.346077 -0.971777
v -0.076267 -1.856647 -0.992399
v -0.076267 -2.111413 -1.410801
v -0.076267 -1.627365 -1.335544
v -0.076267 -1.795609 -1.795610
v -0.076267 -1.335544 -1.627365
v -0.076267 -1.410802 -2.111413
v -0.076267 -0.992399 -1.856647
v -0.076267 -0.971777 -2.346077
v -0.076267 -0.611116 -2.014580
v -0.076267 -0.495408 -2.490582
v -0.076267 -0.206349 -2.095093
v -0.076267 -0.000000 -2.539375
v -0.076267 0.206349 -2.095093
v -0.076267 0.495408 -2.490582
v -0.076267 0.611116 -2.014580
v -0.076267 0.971777 -2.346077
v -0.076267 0.992399 -1.856647
v -0.076267 1.410801 -2.111413
v -0.076267 1.335544 -1.627365
v -0.076267 1.795609 -1.795609
v -0.076267 1.627365 -1.335544
v -0.076267 2.111413 -1.410802
v -0.076267 1.856647 -0.992399
v -0.076267 2.346077 -0.971777
v -0.076267 2.014580 -0.611116
v -0.076267 2.490582 -0.495408
v -0.076267 2.095093 -0.206349
v -0.076267 2.539375 -0.000000
v -0.076267 2.095093 0.206349
v -0.076267 2.490582 0.495408
v -0.076267 2.014580 0.611116
v -0.076267 2.346077 0.971777
v -0.076267 1.856647 0.992399
v -0.076267 2.111413 1.410801
v -0.076267 1.627365 1.335544
v -0.076267 1.795609 1.795610
v -0.076267 1.335544 1.627365
v -0.076267 1.410802 2.111413
v -0.076267 0.992399 1.856647
v -0.076267 0.971777 2.346077
v -0.076267 0.611116 2.014580
v -0.076267 0.495408 2.490582
v -0.076267 0.206349 2.095093
v -0.076267 -0.000000 2.539375
v -0.076267 -0.206349 2.095093
vn 1.0000 -0.0000 -0.0000
vn -0.0000 0.9638 0.2667
vn -0.0000 0.9495 0.3137
vn -0.0000 0.9495 0.3136
vn -0.0000 0.9757 0.2191
vn -0.0000 0.9330 0.3599
vn -0.0000 -0.6531 -0.7572
vn -0.0000 -0.6153 -0.7883
vn -0.0000 -0.6895 -0.7243
vn -0.0000 -0.5758 -0.8176
vn -0.0000 0.8932 0.4496
vn -0.0000 0.8701 0.4929
vn -0.0000 0.9142 0.4053
vn -0.0000 0.8449 0.5350
vn -0.0000 -0.4929 -0.8701
vn -0.0000 -0.4496 -0.8932
vn -0.0000 -0.5350 -0.8449
vn -0.0000 -0.4053 -0.9142
vn -0.0000 -0.0736 0.9973
vn -0.0000 -0.1224 0.9925
vn -0.0000 -0.0246 0.9997
vn -0.0000 -0.1709 0.9853
vn -0.0000 0.7883 0.6153
vn -0.0000 0.7572 0.6531
vn -0.0000 0.8176 0.5758
vn -0.0000 0.7243 0.6895
vn -0.0000 -0.3136 -0.9495
vn -0.0000 -0.2667 -0.9638
vn -0.0000 -0.3599 -0.9330
vn -0.0000 -0.2191 -0.9757
vn -0.0000 -0.2667 0.9638
vn -0.0000 -0.3136 0.9495
vn -0.0000 -0.2191 0.9757
vn -0.0000 -0.3599 0.9330
vn -0.0000 0.6531 0.7572
vn -0.0000 0.6153 0.7883
vn -0.0000 0.6895 0.7243
vn -0.0000 0.5758 0.8176
vn -0.0000 -0.1224 -0.9925
vn -0.0000 -0.0736 -0.9973
vn -0.0000 -0.1709 -0.9853
vn -0.0000 -0.0246 -0.9997
vn -0.0000 -0.4496 0.8932
vn -0.0000 -0.4929 0.8701
vn -0.0000 -0.4053 0.9142
vn -0.0000 -0.5350 0.8449
vn -0.0000 0.4929 0.8701
vn -0.0000 0.4496 0.8932
vn -0.0000 0.5350 0.8449
vn -0.0000 0.4053 0.9142
vn -0.0000 0.0736 -0.9973
vn -0.0000 0.1224 -0.9925
vn -0.0000 0.0246 -0.9997
vn -0.0000 0.1709 -0.9853
vn -0.0000 -0.6153 0.7883
vn -0.0000 -0.6531 0.7572
vn -0.0000 -0.5758 0.8176
vn -0.0000 -0.6895 0.7243
vn -0.0000 0.3136 0.9495
vn -0.0000 0.2667 0.9638
vn -0.0000 0.3599 0.9330
vn -0.0000 0.2191 0.9757
vn -0.0000 0.2667 -0.9638
vn -0.0000 0.3136 -0.9495
vn -0.0000 0.2191 -0.9757
vn -0.0000 0.3599 -0.9330
vn -0.0000 -0.7572 0.6531
vn -0.0000 -0.7883 0.6153
vn -0.0000 -0.7243 0.6895
vn -0.0000 -0.8176 0.5758
vn -0.0000 0.1224 0.9925
vn -0.0000 0.0736 0.9973
vn -0.0000 0.1709 0.9853
vn -0.0000 0.0246 0.9997
vn -0.0000 0.4496 -0.8932
vn -0.0000 0.4929 -0.8701
vn -0.0000 0.4053 -0.9142
vn -0.0000 0.5350 -0.8449
vn -0.0000 -0.8701 0.4929
vn -0.0000 -0.8932 0.4496
vn -0.0000 -0.8449 0.5350
vn -0.0000 -0.9142 0.4053
vn -0.0000 0.6153 -0.7883
vn -0.0000 0.6531 -0.7572
vn -0.0000 0.5758 -0.8176
vn -0.0000 0.6895 -0.7243
vn -0.0000 -0.9495 0.3136
vn -0.0000 -0.9638 0.2667
vn -0.0000 -0.9330 0.3599
vn -0.0000 -0.9757 0.2191
vn -0.0000 0.7572 -0.6531
vn -0.0000 0.7883 -0.6153
vn -0.0000 0.7243 -0.6895
vn -0.0000 0.8176 -0.5758
vn -0.0000 -0.9925 0.1224
vn -0.0000 -0.9973 0.0736
vn -0.0000 -0.9853 0.1709
vn -0.0000 -0.9997 0.0246
vn -0.0000 0.8701 -0.4929
vn -0.0000 0.8932 -0.4496
vn -0.0000 0.8449 -0.5350
vn -0.0000 0.9142 -0.4053
vn -0.0000 -0.9973 -0.0736
vn -0.0000 -0.9925 -0.1224
vn -0.0000 -0.9997 -0.0246
vn -0.0000 -0.9853 -0.1709
vn -0.0000 0.9495 -0.3136
vn -0.0000 0.9638 -0.2667
vn -0.0000 0.9330 -0.3599
vn -0.0000 0.9495 -0.3137
vn -0.0000 0.9757 -0.2191
vn -0.0000 -0.9638 -0.2667
vn -0.0000 -0.9495 -0.3137
vn -0.0000 -0.9495 -0.3136
vn -0.0000 -0.9757 -0.2191
vn -0.0000 -0.9330 -0.3599
vn -0.0000 0.9925 -0.1224
vn -0.0000 0.9973 -0.0736
vn -0.0000 0.9853 -0.1709
vn -0.0000 0.9997 -0.0246
vn -0.0000 -0.8932 -0.4496
vn -0.0000 -0.8701 -0.4929
vn -0.0000 -0.9142 -0.4053
vn -0.0000 -0.8449 -0.5350
vn -0.0000 0.9973 0.0736
vn -0.0000 0.9925 0.1224
vn -0.0000 0.9997 0.0246
vn -0.0000 0.9853 0.1709
vn -0.0000 -0.7883 -0.6153
vn -0.0000 -0.7572 -0.6531
vn -0.0000 -0.8176 -0.5758
vn -0.0000 -0.7243 -0.6895
vn -1.0000 -0.0000 -0.0000
vt 0.600669 0.761532
vt 0.591307 0.734672
vt 0.615093 0.615093
vt 0.615092 0.737015
vt 0.572378 0.755904
vt 0.568435 0.727734
vt 0.545727 0.744865
vt 0.547356 0.716467
vt 0.568435 0.727734
vt 0.521743 0.728839
vt 0.528880 0.701305
vt 0.501346 0.708442
vt 0.513718 0.682829
vt 0.485320 0.684457
vt 0.502451 0.661750
vt 0.474281 0.657807
vt 0.495513 0.638878
vt 0.502451 0.661750
vt 0.468653 0.629515
vt 0.493170 0.615092
vt 0.495513 0.638878
vt 0.468653 0.600669
vt 0.495513 0.591307
vt 0.474281 0.572378
vt 0.502451 0.568435
vt 0.495513 0.591307
vt 0.485320 0.545727
vt 0.513718 0.547356
vt 0.502451 0.568435
vt 0.501346 0.521743
vt 0.528880 0.528880
vt 0.521743 0.501346
vt 0.547356 0.513718
vt 0.528880 0.528880
vt 0.545728 0.485320
vt 0.568435 0.502451
vt 0.547356 0.513718
vt 0.572378 0.474281
vt 0.591307 0.495513
vt 0.568435 0.502451
vt 0.600670 0.468653
vt 0.615092 0.493170
vt 0.591307 0.495513
vt 0.629516 0.468653
vt 0.638878 0.495513
vt 0.657807 0.474281
vt 0.661750 0.502451
vt 0.638878 0.495513
vt 0.684458 0.485320
vt 0.682829 0.513718
vt 0.708442 0.501346
vt 0.701305 0.528880
vt 0.682829 0.513718
vt 0.728839 0.521743
vt 0.716467 0.547356
vt 0.744865 0.545728
vt 0.727734 0.568435
vt 0.755904 0.572378
vt 0.734672 0.591307
vt 0.727734 0.568435
vt 0.761532 0.600670
vt 0.737015 0.615093
vt 0.734672 0.591307
vt 0.761532 0.629516
vt 0.734672 0.638878
vt 0.737015 0.615093
vt 0.755904 0.657807
vt 0.727734 0.661750
vt 0.734672 0.638878
vt 0.744865 0.684458
vt 0.716467 0.682829
vt 0.727734 0.661750
vt 0.728839 0.708442
vt 0.701305 0.701305
vt 0.708442 0.728839
vt 0.682829 0.716467
vt 0.701305 0.701305
vt 0.684457 0.744865
vt 0.661750 0.727734
vt 0.657807 0.755904
vt 0.638878 0.734672
vt 0.629515 0.761532
vt 0.615092 0.737015
vt 0.638878 0.734672
vt 0.596414 0.804737
vt 0.587254 0.802915
vt 0.605753 0.804737
vt 0.578095 0.801093
vt 0.615092 0.804737
vt 0.559775 0.797449
vt 0.551147 0.793875
vt 0.568935 0.799271
vt 0.542519 0.790301
vt 0.578095 0.801093
vt 0.525262 0.783153
vt 0.517497 0.777965
vt 0.533890 0.786727
vt 0.509732 0.772776
vt 0.494201 0.762399
vt 0.487598 0.755795
vt 0.501967 0.767587
vt 0.480994 0.749191
vt 0.467786 0.735984
vt 0.462598 0.728218
vt 0.474390 0.742587
vt 0.457409 0.720453
vt 0.447032 0.704923
vt 0.443458 0.696294
vt 0.452220 0.712688
vt 0.439884 0.687666
vt 0.432736 0.670410
vt 0.430914 0.661250
vt 0.436310 0.679038
vt 0.429092 0.652090
vt 0.425448 0.633771
vt 0.425448 0.624432
vt 0.427270 0.642931
vt 0.425448 0.615092
vt 0.429092 0.652090
vt 0.425448 0.596414
vt 0.427270 0.587254
vt 0.425448 0.605753
vt 0.429092 0.578095
vt 0.425448 0.615093
vt 0.432736 0.559775
vt 0.436310 0.551147
vt 0.430914 0.568935
vt 0.439884 0.542519
vt 0.429092 0.578095
vt 0.447032 0.525262
vt 0.452221 0.517497
vt 0.443458 0.533890
vt 0.457409 0.509732
vt 0.467786 0.494201
vt 0.474390 0.487598
vt 0.462598 0.501967
vt 0.480994 0.480994
vt 0.494201 0.467786
vt 0.501967 0.462598
vt 0.487598 0.474390
vt 0.509732 0.457409
vt 0.525262 0.447032
vt 0.533891 0.443458
vt 0.517497 0.452220
vt 0.542519 0.439884
vt 0.559775 0.432736
vt 0.568935 0.430914
vt 0.551147 0.436310
vt 0.578095 0.429092
vt 0.596414 0.425448
vt 0.605753 0.425448
vt 0.587255 0.427270
vt 0.615093 0.425448
vt 0.578095 0.429092
vt 0.633771 0.425448
vt 0.642931 0.427270
vt 0.624432 0.425448
vt 0.652090 0.429092
vt 0.615093 0.425448
vt 0.670410 0.432736
vt 0.679038 0.436310
vt 0.661250 0.430914
vt 0.687666 0.439884
vt 0.652090 0.429092
vt 0.704923 0.447032
vt 0.712688 0.452221
vt 0.696295 0.443458
vt 0.720453 0.457409
vt 0.687666 0.439884
vt 0.735984 0.467786
vt 0.742588 0.474390
vt 0.728218 0.462598
vt 0.749191 0.480994
vt 0.720453 0.457409
vt 0.762399 0.494201
vt 0.767587 0.501967
vt 0.755795 0.487598
vt 0.772776 0.509732
vt 0.783153 0.525262
vt 0.786727 0.533891
vt 0.777965 0.517497
vt 0.790301 0.542519
vt 0.797449 0.559775
vt 0.799271 0.568935
vt 0.793875 0.551147
vt 0.801093 0.578095
vt 0.804737 0.596414
vt 0.804737 0.605753
vt 0.802915 0.587255
vt 0.804737 0.615093
vt 0.801093 0.578095
vt 0.804737 0.633771
vt 0.802915 0.642931
vt 0.804737 0.624432
vt 0.801093 0.652090
vt 0.797449 0.670410
vt 0.793875 0.679038
vt 0.799271 0.661250
vt 0.790301 0.687666
vt 0.801093 0.652090
vt 0.783153 0.704923
vt 0.777964 0.712688
vt 0.786727 0.696295
vt 0.772776 0.720453
vt 0.790301 0.687666
vt 0.762399 0.735984
vt 0.755795 0.742588
vt 0.767587 0.728219
vt 0.749191 0.749191
vt 0.772776 0.720453
vt 0.735984 0.762399
vt 0.728218 0.767588
vt 0.742587 0.755795
vt 0.720453 0.772776
vt 0.749191 0.749191
vt 0.704923 0.783153
vt 0.696294 0.786727
vt 0.712688 0.777965
vt 0.687666 0.790301
vt 0.720453 0.772776
vt 0.670410 0.797449
vt 0.661250 0.799271
vt 0.679038 0.793875
vt 0.652090 0.801093
vt 0.687666 0.790301
vt 0.633771 0.804737
vt 0.624432 0.804737
vt 0.642930 0.802915
vt 0.857399 0.615406
vt 0.857399 0.622133
vt 0.850103 0.622113
vt 0.850103 0.615340
vt 0.857399 0.628776
vt 0.850103 0.628773
vt 0.842806 0.622133
vt 0.842806 0.615406
vt 0.842806 0.628776
vt 0.864696 0.608970
vt 0.864696 0.615574
vt 0.857399 0.608438
vt 0.864696 0.622178
vt 0.864696 0.628781
vt 0.864696 0.635385
vt 0.857399 0.635385
vt 0.850103 0.635385
vt 0.842806 0.635385
vt 0.835510 0.635385
vt 0.835510 0.628781
vt 0.835510 0.622178
vt 0.835510 0.615574
vt 0.842806 0.608438
vt 0.835510 0.608970
vt 0.850103 0.608325
vt 0.917358 0.478765
vt 0.917358 0.488079
vt 0.910061 0.488079
vt 0.910062 0.478774
vt 0.917358 0.497393
vt 0.910062 0.497383
vt 0.902765 0.488079
vt 0.902765 0.478765
vt 0.902765 0.497393
vt 0.924654 0.469400
vt 0.924654 0.478740
vt 0.917358 0.469483
vt 0.924654 0.488079
vt 0.924654 0.497418
vt 0.924654 0.506757
vt 0.917358 0.506675
vt 0.910062 0.506657
vt 0.902765 0.506675
vt 0.895469 0.506757
vt 0.895469 0.497418
vt 0.895469 0.488079
vt 0.895469 0.478740
vt 0.902765 0.469483
vt 0.895469 0.469400
vt 0.910062 0.469500
vt 0.917358 0.673927
vt 0.917358 0.681722
vt 0.910062 0.681737
vt 0.910062 0.673929
vt 0.917358 0.689579
vt 0.910062 0.689628
vt 0.902765 0.681722
vt 0.902765 0.673928
vt 0.902765 0.689579
vt 0.924654 0.666158
vt 0.924654 0.673923
vt 0.917358 0.666158
vt 0.924654 0.681689
vt 0.924654 0.689454
vt 0.924654 0.697219
vt 0.917358 0.697615
vt 0.910062 0.697698
vt 0.902765 0.697615
vt 0.895469 0.697219
vt 0.895469 0.689454
vt 0.895469 0.681689
vt 0.895469 0.673923
vt 0.902765 0.666158
vt 0.895469 0.666158
vt 0.910062 0.666158
vt 0.917358 0.515888
vt 0.917358 0.525049
vt 0.910061 0.525037
vt 0.910062 0.515877
vt 0.917358 0.534159
vt 0.910062 0.534128
vt 0.902765 0.525049
vt 0.902765 0.515888
vt 0.902765 0.534159
vt 0.924654 0.515917
vt 0.924654 0.525077
vt 0.924654 0.534236
vt 0.924654 0.543396
vt 0.917358 0.543152
vt 0.910062 0.543101
vt 0.902765 0.543152
vt 0.895469 0.543396
vt 0.895469 0.534236
vt 0.895469 0.525077
vt 0.895469 0.515917
vt 0.917358 0.884520
vt 0.917358 0.892377
vt 0.910062 0.892362
vt 0.910062 0.884471
vt 0.917358 0.900171
vt 0.910062 0.900169
vt 0.902765 0.892377
vt 0.902765 0.884520
vt 0.902765 0.900171
vt 0.924654 0.876880
vt 0.924654 0.884645
vt 0.917358 0.876484
vt 0.924654 0.892410
vt 0.924654 0.900175
vt 0.924654 0.907941
vt 0.917358 0.907941
vt 0.910062 0.907941
vt 0.902765 0.907941
vt 0.895469 0.907941
vt 0.895469 0.900175
vt 0.895469 0.892410
vt 0.895469 0.884645
vt 0.902765 0.876484
vt 0.895469 0.876880
vt 0.910062 0.876400
vt 0.917358 0.705975
vt 0.917358 0.714529
vt 0.910061 0.714553
vt 0.910062 0.706025
vt 0.917358 0.723185
vt 0.910062 0.723217
vt 0.902765 0.714529
vt 0.902765 0.705975
vt 0.902765 0.723185
vt 0.924654 0.705847
vt 0.924654 0.714476
vt 0.924654 0.723104
vt 0.924654 0.731732
vt 0.917358 0.731976
vt 0.910062 0.732027
vt 0.902765 0.731976
vt 0.895469 0.731732
vt 0.895469 0.723104
vt 0.895469 0.714476
vt 0.895469 0.705847
vt 0.917358 0.551943
vt 0.917358 0.560599
vt 0.910061 0.560575
vt 0.910062 0.551911
vt 0.917358 0.569153
vt 0.910062 0.569103
vt 0.902765 0.560599
vt 0.902765 0.551943
vt 0.902765 0.569153
vt 0.924654 0.552024
vt 0.924654 0.560652
vt 0.924654 0.569281
vt 0.924654 0.577909
vt 0.917358 0.577513
vt 0.910062 0.577430
vt 0.902765 0.577513
vt 0.895469 0.577909
vt 0.895469 0.569281
vt 0.895469 0.560652
vt 0.895469 0.552024
vt 0.977317 0.295711
vt 0.977317 0.303506
vt 0.970021 0.303520
vt 0.970021 0.295713
vt 0.977317 0.311363
vt 0.970021 0.311412
vt 0.962724 0.303506
vt 0.962724 0.295711
vt 0.962724 0.311363
vt 0.984613 0.287942
vt 0.984613 0.295707
vt 0.977317 0.287942
vt 0.984613 0.303473
vt 0.984613 0.311238
vt 0.984613 0.319003
vt 0.977317 0.319399
vt 0.970021 0.319482
vt 0.962724 0.319399
vt 0.955428 0.319003
vt 0.955428 0.311238
vt 0.955428 0.303473
vt 0.955428 0.295707
vt 0.962724 0.287942
vt 0.955428 0.287942
vt 0.970021 0.287942
vt 0.917358 0.740969
vt 0.917358 0.750079
vt 0.910061 0.750091
vt 0.910062 0.741000
vt 0.917358 0.759240
vt 0.910062 0.759251
vt 0.902765 0.750079
vt 0.902765 0.740969
vt 0.902765 0.759240
vt 0.924654 0.740892
vt 0.924654 0.750052
vt 0.924654 0.759211
vt 0.924654 0.768371
vt 0.917358 0.768453
vt 0.910062 0.768471
vt 0.902765 0.768453
vt 0.895469 0.768371
vt 0.895469 0.759211
vt 0.895469 0.750052
vt 0.895469 0.740892
vt 0.917358 0.585544
vt 0.917358 0.593362
vt 0.910061 0.593327
vt 0.910062 0.585492
vt 0.917358 0.601033
vt 0.910062 0.600965
vt 0.902765 0.593362
vt 0.902765 0.585544
vt 0.902765 0.601033
vt 0.924654 0.585674
vt 0.924654 0.593439
vt 0.924654 0.601205
vt 0.924654 0.608970
vt 0.917358 0.608438
vt 0.910062 0.608325
vt 0.902765 0.608437
vt 0.895469 0.608970
vt 0.895469 0.601205
vt 0.895469 0.593439
vt 0.895469 0.585674
vt 0.977317 0.327759
vt 0.977317 0.336313
vt 0.970021 0.336337
vt 0.970021 0.327809
vt 0.977317 0.344969
vt 0.970021 0.345001
vt 0.962724 0.336313
vt 0.962724 0.327759
vt 0.962724 0.344969
vt 0.984613 0.327631
vt 0.984613 0.336260
vt 0.984613 0.344888
vt 0.984613 0.353516
vt 0.977317 0.353760
vt 0.970021 0.353811
vt 0.962724 0.353760
vt 0.955428 0.353516
vt 0.955428 0.344888
vt 0.955428 0.336260
vt 0.955428 0.327631
vt 0.917358 0.777735
vt 0.917358 0.787049
vt 0.910061 0.787049
vt 0.910062 0.777745
vt 0.917358 0.796363
vt 0.910062 0.796354
vt 0.902765 0.787049
vt 0.902765 0.777735
vt 0.902765 0.796363
vt 0.924654 0.777710
vt 0.924654 0.787049
vt 0.924654 0.796389
vt 0.924654 0.805728
vt 0.917358 0.805645
vt 0.910062 0.805628
vt 0.902765 0.805645
vt 0.895469 0.805728
vt 0.895469 0.796389
vt 0.895469 0.787049
vt 0.895469 0.777710
vt 0.917358 0.615406
vt 0.917358 0.622133
vt 0.910062 0.622113
vt 0.910062 0.615340
vt 0.917358 0.628776
vt 0.910062 0.628773
vt 0.902765 0.622133
vt 0.902765 0.615406
vt 0.902765 0.628776
vt 0.924654 0.615574
vt 0.924654 0.622177
vt 0.924654 0.628781
vt 0.924654 0.635385
vt 0.917358 0.635385
vt 0.910062 0.635385
vt 0.902765 0.635385
vt 0.895469 0.635385
vt 0.895469 0.628781
vt 0.895469 0.622177
vt 0.895469 0.615574
vt 0.977317 0.362753
vt 0.977317 0.371863
vt 0.970021 0.371875
vt 0.970021 0.362784
vt 0.977317 0.381024
vt 0.970021 0.381035
vt 0.962724 0.371863
vt 0.962724 0.362753
vt 0.962724 0.381024
vt 0.984613 0.362676
vt 0.984613 0.371835
vt 0.984613 0.380995
vt 0.984613 0.390155
vt 0.977317 0.390237
vt 0.970021 0.390255
vt 0.962724 0.390237
vt 0.955428 0.390155
vt 0.955428 0.380995
vt 0.955428 0.371835
vt 0.955428 0.362676
vt 0.917358 0.814859
vt 0.917358 0.824020
vt 0.910061 0.824008
vt 0.910062 0.814848
vt 0.917358 0.833129
vt 0.910062 0.833099
vt 0.902765 0.824020
vt 0.902765 0.814859
vt 0.902765 0.833129
vt 0.924654 0.814887
vt 0.924654 0.824047
vt 0.924654 0.833207
vt 0.924654 0.842366
vt 0.917358 0.842123
vt 0.910062 0.842071
vt 0.902765 0.842123
vt 0.895469 0.842366
vt 0.895469 0.833207
vt 0.895469 0.824047
vt 0.895469 0.814887
vt 0.857399 0.347382
vt 0.857399 0.354024
vt 0.850103 0.354044
vt 0.850103 0.347384
vt 0.857399 0.360752
vt 0.850103 0.360818
vt 0.842806 0.354024
vt 0.842806 0.347382
vt 0.842806 0.360752
vt 0.864696 0.340772
vt 0.864696 0.347376
vt 0.857399 0.340772
vt 0.864696 0.353980
vt 0.864696 0.360584
vt 0.864696 0.367188
vt 0.857399 0.367720
vt 0.850103 0.367833
vt 0.842806 0.367720
vt 0.835510 0.367188
vt 0.835510 0.360584
vt 0.835510 0.353980
vt 0.835510 0.347376
vt 0.842806 0.340772
vt 0.835510 0.340772
vt 0.850103 0.340772
vt 0.977317 0.399519
vt 0.977317 0.408833
vt 0.970021 0.408833
vt 0.970021 0.399529
vt 0.977317 0.418147
vt 0.970021 0.418137
vt 0.962724 0.408833
vt 0.962724 0.399519
vt 0.962724 0.418147
vt 0.984613 0.399494
vt 0.984613 0.408833
vt 0.984613 0.418172
vt 0.984613 0.427512
vt 0.977317 0.427429
vt 0.970021 0.427412
vt 0.962724 0.427429
vt 0.955428 0.427512
vt 0.955428 0.418172
vt 0.955428 0.408833
vt 0.955428 0.399494
vt 0.917358 0.850914
vt 0.917358 0.859570
vt 0.910061 0.859546
vt 0.910062 0.850882
vt 0.917358 0.868124
vt 0.910062 0.868074
vt 0.902765 0.859570
vt 0.902765 0.850914
vt 0.902765 0.868124
vt 0.924654 0.850995
vt 0.924654 0.859623
vt 0.924654 0.868251
vt 0.895469 0.868251
vt 0.895469 0.859623
vt 0.895469 0.850995
vt 0.857399 0.375125
vt 0.857399 0.382795
vt 0.850103 0.382831
vt 0.850103 0.375193
vt 0.857399 0.390614
vt 0.850103 0.390665
vt 0.842806 0.382795
vt 0.842806 0.375125
vt 0.842806 0.390614
vt 0.864696 0.374953
vt 0.864696 0.382718
vt 0.864696 0.390483
vt 0.864696 0.398248
vt 0.857399 0.398644
vt 0.850103 0.398728
vt 0.842806 0.398644
vt 0.835510 0.398248
vt 0.835510 0.390483
vt 0.835510 0.382718
vt 0.835510 0.374953
vt 0.977317 0.436643
vt 0.977317 0.445804
vt 0.970021 0.445791
vt 0.970021 0.436631
vt 0.977317 0.454913
vt 0.970021 0.454882
vt 0.962724 0.445804
vt 0.962724 0.436643
vt 0.962724 0.454913
vt 0.984613 0.436671
vt 0.984613 0.445831
vt 0.984613 0.454991
vt 0.984613 0.464150
vt 0.977317 0.463907
vt 0.970021 0.463855
vt 0.962724 0.463907
vt 0.955428 0.464150
vt 0.955428 0.454991
vt 0.955428 0.445831
vt 0.955428 0.436671
vt 0.857399 0.407004
vt 0.857399 0.415558
vt 0.850103 0.415582
vt 0.850103 0.407054
vt 0.857399 0.424214
vt 0.850103 0.424246
vt 0.842806 0.415558
vt 0.842806 0.407004
vt 0.842806 0.424214
vt 0.864696 0.406877
vt 0.864696 0.415505
vt 0.864696 0.424133
vt 0.864696 0.432761
vt 0.857399 0.433005
vt 0.850103 0.433057
vt 0.842806 0.433005
vt 0.835510 0.432761
vt 0.835510 0.424133
vt 0.835510 0.415505
vt 0.835510 0.406877
vt 0.977317 0.472698
vt 0.977317 0.481354
vt 0.970021 0.481329
vt 0.970021 0.472666
vt 0.977317 0.489908
vt 0.970021 0.489858
vt 0.962724 0.481354
vt 0.962724 0.472698
vt 0.962724 0.489908
vt 0.984613 0.472779
vt 0.984613 0.481407
vt 0.984613 0.490035
vt 0.984613 0.498663
vt 0.977317 0.498268
vt 0.970021 0.498184
vt 0.962724 0.498268
vt 0.955428 0.498663
vt 0.955428 0.490035
vt 0.955428 0.481407
vt 0.955428 0.472779
vt 0.857399 0.441999
vt 0.857399 0.451108
vt 0.850103 0.451120
vt 0.850103 0.442030
vt 0.857399 0.460269
vt 0.850103 0.460281
vt 0.842806 0.451108
vt 0.842806 0.441999
vt 0.842806 0.460269
vt 0.864696 0.441921
vt 0.864696 0.451081
vt 0.864696 0.460241
vt 0.864696 0.469400
vt 0.857399 0.469483
vt 0.850103 0.469500
vt 0.842806 0.469483
vt 0.835510 0.469400
vt 0.835510 0.460241
vt 0.835510 0.451081
vt 0.835510 0.441921
vt 0.977317 0.506304
vt 0.977317 0.514161
vt 0.970021 0.514146
vt 0.970021 0.506255
vt 0.977317 0.521955
vt 0.970021 0.521953
vt 0.962724 0.514161
vt 0.962724 0.506304
vt 0.962724 0.521955
vt 0.984613 0.506429
vt 0.984613 0.514194
vt 0.984613 0.521959
vt 0.984613 0.529724
vt 0.977317 0.529724
vt 0.970021 0.529724
vt 0.962724 0.529724
vt 0.955428 0.529724
vt 0.955428 0.521959
vt 0.955428 0.514194
vt 0.955428 0.506429
vt 0.857399 0.478765
vt 0.857399 0.488079
vt 0.850103 0.488079
vt 0.850103 0.478774
vt 0.857399 0.497393
vt 0.850103 0.497383
vt 0.842806 0.488079
vt 0.842806 0.478765
vt 0.842806 0.497393
vt 0.864696 0.478740
vt 0.864696 0.488079
vt 0.864696 0.497418
vt 0.864696 0.506757
vt 0.857399 0.506675
vt 0.850103 0.506657
vt 0.842806 0.506675
vt 0.835510 0.506757
vt 0.835510 0.497418
vt 0.835510 0.488079
vt 0.835510 0.478740
vt 0.917358 0.347382
vt 0.917358 0.354024
vt 0.910062 0.354044
vt 0.910062 0.347384
vt 0.917358 0.360752
vt 0.910062 0.360818
vt 0.902765 0.354024
vt 0.902765 0.347382
vt 0.902765 0.360752
vt 0.924655 0.340772
vt 0.924655 0.347376
vt 0.917358 0.340772
vt 0.924655 0.353980
vt 0.924654 0.360584
vt 0.924654 0.367188
vt 0.917358 0.367720
vt 0.910062 0.367833
vt 0.902765 0.367720
vt 0.895469 0.367188
vt 0.895469 0.360584
vt 0.895469 0.353980
vt 0.895469 0.347376
vt 0.902765 0.340772
vt 0.895469 0.340772
vt 0.910062 0.340772
vt 0.857399 0.515888
vt 0.857399 0.525049
vt 0.850103 0.525037
vt 0.850103 0.515877
vt 0.857399 0.534159
vt 0.850103 0.534128
vt 0.842806 0.525049
vt 0.842806 0.515888
vt 0.842806 0.534159
vt 0.864696 0.515917
vt 0.864696 0.525077
vt 0.864696 0.534236
vt 0.864696 0.543396
vt 0.857399 0.543152
vt 0.850103 0.543101
vt 0.842806 0.543152
vt 0.835510 0.543396
vt 0.835510 0.534236
vt 0.835510 0.525077
vt 0.835510 0.515917
vt 0.917358 0.375125
vt 0.917358 0.382795
vt 0.910062 0.382831
vt 0.910062 0.375193
vt 0.917358 0.390614
vt 0.910062 0.390665
vt 0.902765 0.382795
vt 0.902765 0.375125
vt 0.902765 0.390614
vt 0.924655 0.374953
vt 0.924655 0.382718
vt 0.924654 0.390483
vt 0.924654 0.398248
vt 0.917358 0.398644
vt 0.910062 0.398728
vt 0.902765 0.398644
vt 0.895469 0.398248
vt 0.895469 0.390483
vt 0.895469 0.382718
vt 0.895469 0.374953
vt 0.857399 0.551943
vt 0.857399 0.560599
vt 0.850103 0.560575
vt 0.850103 0.551911
vt 0.857399 0.569153
vt 0.850103 0.569103
vt 0.842806 0.560599
vt 0.842806 0.551943
vt 0.842806 0.569153
vt 0.864696 0.552024
vt 0.864696 0.560652
vt 0.864696 0.569281
vt 0.864696 0.577909
vt 0.857399 0.577513
vt 0.850103 0.577430
vt 0.842806 0.577513
vt 0.835510 0.577909
vt 0.835510 0.569281
vt 0.835510 0.560652
vt 0.835510 0.552024
vt 0.917358 0.407004
vt 0.917358 0.415558
vt 0.910062 0.415583
vt 0.910062 0.407054
vt 0.917358 0.424214
vt 0.910062 0.424246
vt 0.902765 0.415558
vt 0.902765 0.407004
vt 0.902765 0.424214
vt 0.924655 0.406877
vt 0.924655 0.415505
vt 0.924654 0.424133
vt 0.924654 0.432762
vt 0.917358 0.433005
vt 0.910062 0.433057
vt 0.902765 0.433005
vt 0.895469 0.432761
vt 0.895469 0.424133
vt 0.895469 0.415505
vt 0.895469 0.406877
vt 0.857399 0.585544
vt 0.857399 0.593362
vt 0.850103 0.593327
vt 0.850103 0.585492
vt 0.857399 0.601033
vt 0.850103 0.600965
vt 0.842806 0.593362
vt 0.842806 0.585544
vt 0.842806 0.601033
vt 0.864696 0.585674
vt 0.864696 0.593439
vt 0.864696 0.601205
vt 0.835510 0.601205
vt 0.835510 0.593439
vt 0.835510 0.585674
vt 0.917358 0.441999
vt 0.917358 0.451108
vt 0.910062 0.451120
vt 0.910062 0.442030
vt 0.917358 0.460269
vt 0.910062 0.460281
vt 0.902765 0.451108
vt 0.902765 0.441999
vt 0.902765 0.460269
vt 0.924654 0.441921
vt 0.924654 0.451081
vt 0.924654 0.460241
vt 0.895469 0.460241
vt 0.895469 0.451081
vt 0.895469 0.441921
vt 0.274396 0.334804
vt 0.251688 0.317672
vt 0.205031 0.205031
vt 0.272767 0.306406
vt 0.247746 0.345843
vt 0.228817 0.324610
vt 0.219454 0.351470
vt 0.205031 0.326953
vt 0.228817 0.324611
vt 0.190608 0.351470
vt 0.181245 0.324610
vt 0.205031 0.326953
vt 0.162316 0.345843
vt 0.158373 0.317672
vt 0.135666 0.334804
vt 0.137294 0.306406
vt 0.111681 0.318778
vt 0.118819 0.291243
vt 0.137294 0.306406
vt 0.091284 0.298380
vt 0.103656 0.272767
vt 0.118819 0.291243
vt 0.075258 0.274396
vt 0.092389 0.251688
vt 0.103656 0.272767
vt 0.064219 0.247746
vt 0.085451 0.228817
vt 0.092389 0.251688
vt 0.058592 0.219454
vt 0.083108 0.205031
vt 0.085451 0.228817
vt 0.058592 0.190608
vt 0.085451 0.181245
vt 0.083108 0.205031
vt 0.064219 0.162316
vt 0.092389 0.158373
vt 0.085451 0.181245
vt 0.075258 0.135666
vt 0.103656 0.137294
vt 0.092389 0.158373
vt 0.091284 0.111681
vt 0.118819 0.118819
vt 0.103656 0.137294
vt 0.111681 0.091284
vt 0.137294 0.103656
vt 0.118819 0.118819
vt 0.135666 0.075258
vt 0.158373 0.092389
vt 0.137294 0.103656
vt 0.162316 0.064219
vt 0.181245 0.085451
vt 0.190608 0.058592
vt 0.205031 0.083108
vt 0.181245 0.085451
vt 0.219454 0.058592
vt 0.228817 0.085451
vt 0.205031 0.083108
vt 0.247746 0.064219
vt 0.251688 0.092389
vt 0.228817 0.085451
vt 0.274396 0.075258
vt 0.272767 0.103656
vt 0.298380 0.091284
vt 0.291243 0.118819
vt 0.272767 0.103656
vt 0.318778 0.111681
vt 0.306406 0.137294
vt 0.334804 0.135666
vt 0.317672 0.158373
vt 0.306406 0.137294
vt 0.345842 0.162316
vt 0.324610 0.181245
vt 0.351470 0.190608
vt 0.326953 0.205031
vt 0.324610 0.181245
vt 0.351470 0.219454
vt 0.324610 0.228817
vt 0.326953 0.205031
vt 0.345842 0.247746
vt 0.317672 0.251688
vt 0.324610 0.228817
vt 0.334804 0.274396
vt 0.306406 0.272767
vt 0.317672 0.251688
vt 0.318778 0.298380
vt 0.291243 0.291243
vt 0.306406 0.272767
vt 0.298380 0.318778
vt 0.272767 0.306406
vt 0.291243 0.291243
vt 0.294861 0.373091
vt 0.286233 0.376665
vt 0.302626 0.367903
vt 0.277605 0.380239
vt 0.310392 0.362714
vt 0.260348 0.387387
vt 0.251188 0.389209
vt 0.268976 0.383813
vt 0.242029 0.391031
vt 0.223709 0.394675
vt 0.214370 0.394675
vt 0.232869 0.392853
vt 0.205031 0.394675
vt 0.186352 0.394675
vt 0.177193 0.392853
vt 0.195692 0.394675
vt 0.168033 0.391031
vt 0.149714 0.387387
vt 0.141085 0.383813
vt 0.158873 0.389209
vt 0.132457 0.380239
vt 0.115201 0.373091
vt 0.107435 0.367903
vt 0.123829 0.376665
vt 0.099670 0.362714
vt 0.132457 0.380239
vt 0.084140 0.352337
vt 0.077536 0.345733
vt 0.091905 0.357526
vt 0.070932 0.339130
vt 0.057725 0.325922
vt 0.052536 0.318157
vt 0.064328 0.332526
vt 0.047347 0.310392
vt 0.036970 0.294861
vt 0.033396 0.286233
vt 0.042159 0.302626
vt 0.029822 0.277605
vt 0.022674 0.260348
vt 0.020853 0.251188
vt 0.026248 0.268976
vt 0.019031 0.242029
vt 0.015387 0.223709
vt 0.015387 0.214370
vt 0.017209 0.232869
vt 0.015387 0.205031
vt 0.015387 0.186353
vt 0.017209 0.177193
vt 0.015387 0.195692
vt 0.019031 0.168033
vt 0.022674 0.149714
vt 0.026248 0.141085
vt 0.020853 0.158873
vt 0.029822 0.132457
vt 0.036970 0.115201
vt 0.042159 0.107435
vt 0.033396 0.123829
vt 0.047347 0.099670
vt 0.057725 0.084140
vt 0.064328 0.077536
vt 0.052536 0.091905
vt 0.070932 0.070932
vt 0.084140 0.057725
vt 0.091905 0.052536
vt 0.077536 0.064328
vt 0.099670 0.047347
vt 0.115201 0.036970
vt 0.123829 0.033396
vt 0.107435 0.042159
vt 0.132457 0.029822
vt 0.099670 0.047347
vt 0.149714 0.022675
vt 0.158873 0.020853
vt 0.141085 0.026248
vt 0.168033 0.019031
vt 0.132457 0.029822
vt 0.186352 0.015387
vt 0.195692 0.015387
vt 0.177193 0.017209
vt 0.205031 0.015387
vt 0.168033 0.019031
vt 0.223709 0.015387
vt 0.232869 0.017209
vt 0.214370 0.015387
vt 0.242029 0.019031
vt 0.260348 0.022675
vt 0.268976 0.026248
vt 0.251188 0.020853
vt 0.277605 0.029822
vt 0.294861 0.036970
vt 0.302626 0.042159
vt 0.286233 0.033396
vt 0.310392 0.047347
vt 0.325922 0.057725
vt 0.332526 0.064328
vt 0.318157 0.052536
vt 0.339130 0.070932
vt 0.310392 0.047347
vt 0.352337 0.084140
vt 0.357526 0.091905
vt 0.345733 0.077536
vt 0.362714 0.099670
vt 0.373091 0.115201
vt 0.376665 0.123829
vt 0.367903 0.107435
vt 0.380239 0.132457
vt 0.362714 0.099670
vt 0.387387 0.149714
vt 0.389209 0.158873
vt 0.383813 0.141085
vt 0.391031 0.168033
vt 0.394675 0.186352
vt 0.394675 0.195692
vt 0.392853 0.177193
vt 0.394675 0.205031
vt 0.394675 0.223709
vt 0.392853 0.232869
vt 0.394675 0.214370
vt 0.391031 0.242029
vt 0.387387 0.260348
vt 0.383813 0.268976
vt 0.389209 0.251188
vt 0.380239 0.277605
vt 0.373091 0.294861
vt 0.367903 0.302626
vt 0.376665 0.286233
vt 0.362714 0.310392
vt 0.352337 0.325922
vt 0.345733 0.332526
vt 0.357526 0.318157
vt 0.339130 0.339130
vt 0.362714 0.310392
vt 0.325922 0.352337
vt 0.318157 0.357526
vt 0.332526 0.345733
vt 0.310392 0.362714
s 0
usemtl Material.002
f 1124/1120/134 1187/1123/134 1123/1122/134 1125/1121/134
f 1126/1124/134 1125/1121/134 1123/1122/134 1127/1125/134
f 1128/1126/134 1127/1128/134 1123/1122/134 1129/1127/134
f 1130/1129/134 1129/1127/134 1123/1122/134 1131/1130/134
f 1132/1131/134 1131/1130/134 1123/1122/134 1133/1132/134
f 1134/1133/134 1133/1132/134 1123/1122/134 1135/1134/134
f 1136/1135/134 1135/1137/134 1123/1122/134 1137/1136/134
f 1138/1138/134 1137/1140/134 1123/1122/134 1139/1139/134
f 1140/1141/134 1139/1139/134 1123/1122/134 1141/1142/134
f 1142/1143/134 1141/1145/134 1123/1122/134 1143/1144/134
f 1144/1146/134 1143/1148/134 1123/1122/134 1145/1147/134
f 1146/1149/134 1145/1147/134 1123/1122/134 1147/1150/134
f 1148/1151/134 1147/1153/134 1123/1122/134 1149/1152/134
f 1150/1154/134 1149/1156/134 1123/1122/134 1151/1155/134
f 1152/1157/134 1151/1159/134 1123/1122/134 1153/1158/134
f 1154/1160/134 1153/1162/134 1123/1122/134 1155/1161/134
f 1156/1163/134 1155/1161/134 1123/1122/134 1157/1164/134
f 1158/1165/134 1157/1167/134 1123/1122/134 1159/1166/134
f 1160/1168/134 1159/1166/134 1123/1122/134 1161/1169/134
f 1162/1170/134 1161/1172/134 1123/1122/134 1163/1171/134
f 1164/1173/134 1163/1171/134 1123/1122/134 1165/1174/134
f 1166/1175/134 1165/1174/134 1123/1122/134 1167/1176/134
f 1168/1177/134 1167/1179/134 1123/1122/134 1169/1178/134
f 1170/1180/134 1169/1182/134 1123/1122/134 1171/1181/134
f 1172/1183/134 1171/1185/134 1123/1122/134 1173/1184/134
f 1174/1186/134 1173/1188/134 1123/1122/134 1175/1187/134
f 1176/1189/134 1175/1191/134 1123/1122/134 1177/1190/134
f 1178/1192/134 1177/1190/134 1123/1122/134 1179/1193/134
f 1180/1194/134 1179/1196/134 1123/1122/134 1181/1195/134
f 1182/1197/134 1181/1195/134 1123/1122/134 1183/1198/134
f 1184/1199/134 1183/1198/134 1123/1122/134 1185/1200/134
f 1186/1201/134 1185/1203/134 1123/1122/134 1187/1202/134
f 772/1204/134 840/1206/134 1124/1120/134 835/1205/134
f 835/1205/134 1124/1120/134 1125/1121/134 836/1207/134
f 840/1206/134 839/1208/134 1187/1123/134 1124/1120/134
f 771/1209/134 837/1211/134 1126/1124/134 928/1210/134
f 928/1210/134 1126/1124/134 1127/1125/134 929/1212/134
f 837/1211/134 836/1213/134 1125/1121/134 1126/1124/134
f 802/1214/134 930/1216/134 1128/1126/134 925/1215/134
f 925/1215/134 1128/1126/134 1129/1127/134 926/1217/134
f 930/1216/134 929/1212/134 1127/1128/134 1128/1126/134
f 801/1218/134 927/1220/134 1130/1129/134 922/1219/134
f 922/1219/134 1130/1129/134 1131/1130/134 923/1221/134
f 927/1220/134 926/1217/134 1129/1127/134 1130/1129/134
f 800/1222/134 924/1224/134 1132/1131/134 919/1223/134
f 919/1223/134 1132/1131/134 1133/1132/134 920/1225/134
f 924/1224/134 923/1221/134 1131/1130/134 1132/1131/134
f 799/1226/134 921/1228/134 1134/1133/134 916/1227/134
f 916/1227/134 1134/1133/134 1135/1134/134 917/1229/134
f 921/1228/134 920/1225/134 1133/1132/134 1134/1133/134
f 798/1230/134 918/1232/134 1136/1135/134 913/1231/134
f 913/1231/134 1136/1135/134 1137/1136/134 914/1233/134
f 918/1232/134 917/1229/134 1135/1137/134 1136/1135/134
f 797/1234/134 915/1236/134 1138/1138/134 910/1235/134
f 910/1235/134 1138/1138/134 1139/1139/134 911/1237/134
f 915/1236/134 914/1238/134 1137/1140/134 1138/1138/134
f 796/1239/134 912/1241/134 1140/1141/134 907/1240/134
f 907/1240/134 1140/1141/134 1141/1142/134 908/1242/134
f 912/1241/134 911/1243/134 1139/1139/134 1140/1141/134
f 795/1244/134 909/1246/134 1142/1143/134 904/1245/134
f 904/1245/134 1142/1143/134 1143/1144/134 905/1247/134
f 909/1246/134 908/1248/134 1141/1145/134 1142/1143/134
f 794/1249/134 906/1251/134 1144/1146/134 901/1250/134
f 901/1250/134 1144/1146/134 1145/1147/134 902/1252/134
f 906/1251/134 905/1247/134 1143/1148/134 1144/1146/134
f 793/1253/134 903/1255/134 1146/1149/134 898/1254/134
f 898/1254/134 1146/1149/134 1147/1150/134 899/1256/134
f 903/1255/134 902/1252/134 1145/1147/134 1146/1149/134
f 792/1257/134 900/1259/134 1148/1151/134 895/1258/134
f 895/1258/134 1148/1151/134 1149/1152/134 896/1260/134
f 900/1259/134 899/1256/134 1147/1153/134 1148/1151/134
f 791/1261/134 897/1263/134 1150/1154/134 892/1262/134
f 892/1262/134 1150/1154/134 1151/1155/134 893/1264/134
f 897/1263/134 896/1260/134 1149/1156/134 1150/1154/134
f 790/1265/134 894/1267/134 1152/1157/134 889/1266/134
f 889/1266/134 1152/1157/134 1153/1158/134 890/1268/134
f 894/1267/134 893/1264/134 1151/1159/134 1152/1157/134
f 789/1269/134 891/1271/134 1154/1160/134 886/1270/134
f 886/1270/134 1154/1160/134 1155/1161/134 887/1272/134
f 891/1271/134 890/1273/134 1153/1162/134 1154/1160/134
f 788/1274/134 888/1276/134 1156/1163/134 883/1275/134
f 883/1275/134 1156/1163/134 1157/1164/134 884/1277/134
f 888/1276/134 887/1278/134 1155/1161/134 1156/1163/134
f 787/1279/134 885/1281/134 1158/1165/134 880/1280/134
f 880/1280/134 1158/1165/134 1159/1166/134 881/1282/134
f 885/1281/134 884/1283/134 1157/1167/134 1158/1165/134
f 786/1284/134 882/1286/134 1160/1168/134 877/1285/134
f 877/1285/134 1160/1168/134 1161/1169/134 878/1287/134
f 882/1286/134 881/1288/134 1159/1166/134 1160/1168/134
f 785/1289/134 879/1291/134 1162/1170/134 874/1290/134
f 874/1290/134 1162/1170/134 1163/1171/134 875/1292/134
f 879/1291/134 878/1293/134 1161/1172/134 1162/1170/134
f 784/1294/134 876/1296/134 1164/1173/134 871/1295/134
f 871/1295/134 1164/1173/134 1165/1174/134 872/1297/134
f 876/1296/134 875/1292/134 1163/1171/134 1164/1173/134
f 783/1298/134 873/1300/134 1166/1175/134 868/1299/134
f 868/1299/134 1166/1175/134 1167/1176/134 869/1301/134
f 873/1300/134 872/1297/134 1165/1174/134 1166/1175/134
f 782/1302/134 870/1304/134 1168/1177/134 865/1303/134
f 865/1303/134 1168/1177/134 1169/1178/134 866/1305/134
f 870/1304/134 869/1301/134 1167/1179/134 1168/1177/134
f 781/1306/134 867/1308/134 1170/1180/134 862/1307/134
f 862/1307/134 1170/1180/134 1171/1181/134 863/1309/134
f 867/1308/134 866/1310/134 1169/1182/134 1170/1180/134
f 780/1311/134 864/1313/134 1172/1183/134 859/1312/134
f 859/1312/134 1172/1183/134 1173/1184/134 860/1314/134
f 864/1313/134 863/1309/134 1171/1185/134 1172/1183/134
f 779/1315/134 861/1317/134 1174/1186/134 856/1316/134
f 856/1316/134 1174/1186/134 1175/1187/134 857/1318/134
f 861/1317/134 860/1319/134 1173/1188/134 1174/1186/134
f 778/1320/134 858/1322/134 1176/1189/134 853/1321/134
f 853/1321/134 1176/1189/134 1177/1190/134 854/1323/134
f 858/1322/134 857/1324/134 1175/1191/134 1176/1189/134
f 777/1325/134 855/1327/134 1178/1192/134 850/1326/134
f 850/1326/134 1178/1192/134 1179/1193/134 851/1328/134
f 855/1327/134 854/1329/134 1177/1190/134 1178/1192/134
f 776/1330/134 852/1332/134 1180/1194/134 847/1331/134
f 847/1331/134 1180/1194/134 1181/1195/134 848/1333/134
f 852/1332/134 851/1334/134 1179/1196/134 1180/1194/134
f 775/1335/134 849/1337/134 1182/1197/134 844/1336/134
f 844/1336/134 1182/1197/134 1183/1198/134 845/1338/134
f 849/1337/134 848/1339/134 1181/1195/134 1182/1197/134
f 774/1340/134 846/1342/134 1184/1199/134 841/1341/134
f 841/1341/134 1184/1199/134 1185/1200/134 842/1343/134
f 846/1342/134 845/1344/134 1183/1198/134 1184/1199/134
f 773/1345/134 843/1347/134 1186/1201/134 838/1346/134
f 838/1346/134 1186/1201/134 1187/1202/134 839/1208/134
f 843/1347/134 842/1343/134 1185/1203/134 1186/1201/134
f 1188/1348/135 1191/1351/135 1192/1350/135 1189/1349/135
f 1189/1349/136 1192/1350/136 1193/1353/136 1190/1352/136
f 1191/1351/135 1194/1355/135 1195/1354/135 1192/1350/135
f 1192/1350/137 1195/1354/137 1196/1356/137 1193/1353/137
f 796/1357/138 978/1359/138 1188/1348/138 912/1358/138
f 912/1358/135 1188/1348/135 1189/1349/135 911/1360/135
f 911/1360/136 1189/1349/136 1190/1352/136 910/1361/136
f 910/1361/139 1190/1352/139 973/1363/139 797/1362/139
f 1190/1352/139 1193/1353/139 974/1364/139 973/1363/139
f 1193/1353/139 1196/1356/139 975/1365/139 974/1364/139
f 1196/1356/139 964/1367/139 820/1366/139 975/1365/139
f 1195/1354/137 965/1368/137 964/1367/137 1196/1356/137
f 1194/1355/135 966/1369/135 965/1368/135 1195/1354/135
f 976/1370/138 819/1371/138 966/1369/138 1194/1355/138
f 977/1372/138 976/1370/138 1194/1355/138 1191/1351/138
f 978/1359/138 977/1372/138 1191/1351/138 1188/1348/138
f 1197/1373/140 1200/1376/140 1201/1375/140 1198/1374/140
f 1198/1374/141 1201/1375/141 1202/1378/141 1199/1377/141
f 1200/1376/140 1203/1380/140 1204/1379/140 1201/1375/140
f 1201/1375/141 1204/1379/141 1205/1381/141 1202/1378/141
f 783/1382/142 981/1384/142 1197/1373/142 873/1383/142
f 873/1383/140 1197/1373/140 1198/1374/140 872/1385/140
f 872/1385/141 1198/1374/141 1199/1377/141 871/1386/141
f 871/1386/143 1199/1377/143 1090/1388/143 784/1387/143
f 1199/1377/143 1202/1378/143 1091/1389/143 1090/1388/143
f 1202/1378/143 1205/1381/143 1092/1390/143 1091/1389/143
f 1205/1381/143 1060/1392/143 827/1391/143 1092/1390/143
f 1204/1379/141 1061/1393/141 1060/1392/141 1205/1381/141
f 1203/1380/140 1062/1394/140 1061/1393/140 1204/1379/140
f 979/1395/142 812/1396/142 1062/1394/142 1203/1380/142
f 980/1397/142 979/1395/142 1203/1380/142 1200/1376/142
f 981/1384/142 980/1397/142 1200/1376/142 1197/1373/142
f 1206/1398/144 1209/1401/144 1210/1400/144 1207/1399/144
f 1207/1399/145 1210/1400/145 1211/1403/145 1208/1402/145
f 1209/1401/144 1212/1405/144 1213/1404/144 1210/1400/144
f 1210/1400/145 1213/1404/145 1214/1406/145 1211/1403/145
f 797/1407/146 973/1409/146 1206/1398/146 915/1408/146
f 915/1408/144 1206/1398/144 1207/1399/144 914/1410/144
f 914/1410/145 1207/1399/145 1208/1402/145 913/1411/145
f 913/1411/147 1208/1402/147 1093/1413/147 798/1412/147
f 1208/1402/147 1211/1403/147 1094/1414/147 1093/1413/147
f 1211/1403/147 1214/1406/147 1095/1415/147 1094/1414/147
f 1214/1406/147 1078/1417/147 833/1416/147 1095/1415/147
f 1213/1404/145 1079/1418/145 1078/1417/145 1214/1406/145
f 1212/1405/144 1080/1419/144 1079/1418/144 1213/1404/144
f 975/1420/146 820/1421/146 1080/1419/146 1212/1405/146
f 974/1422/146 975/1420/146 1212/1405/146 1209/1401/146
f 973/1409/146 974/1422/146 1209/1401/146 1206/1398/146
f 1215/1423/148 1218/1426/148 1219/1425/148 1216/1424/148
f 1216/1424/149 1219/1425/149 1220/1428/149 1217/1427/149
f 1218/1426/148 1221/1430/148 1222/1429/148 1219/1425/148
f 1219/1425/149 1222/1429/149 1223/1431/149 1220/1428/149
f 784/1387/150 1090/1388/150 1215/1423/150 876/1432/150
f 876/1432/148 1215/1423/148 1216/1424/148 875/1433/148
f 875/1433/149 1216/1424/149 1217/1427/149 874/1434/149
f 874/1434/151 1217/1427/151 1096/1436/151 785/1435/151
f 1217/1427/151 1220/1428/151 1097/1437/151 1096/1436/151
f 1220/1428/151 1223/1431/151 1098/1438/151 1097/1437/151
f 1223/1431/151 1039/1440/151 828/1439/151 1098/1438/151
f 1222/1429/149 1040/1441/149 1039/1440/149 1223/1431/149
f 1221/1430/148 1041/1442/148 1040/1441/148 1222/1429/148
f 1092/1390/150 827/1391/150 1041/1442/150 1221/1430/150
f 1091/1389/150 1092/1390/150 1221/1430/150 1218/1426/150
f 1090/1388/150 1091/1389/150 1218/1426/150 1215/1423/150
f 1224/1443/152 1227/1446/152 1228/1445/152 1225/1444/152
f 1225/1444/153 1228/1445/153 1229/1448/153 1226/1447/153
f 1227/1446/152 1230/1450/152 1231/1449/152 1228/1445/152
f 1228/1445/153 1231/1449/153 1232/1451/153 1229/1448/153
f 771/1452/154 984/1454/154 1224/1443/154 837/1453/154
f 837/1453/152 1224/1443/152 1225/1444/152 836/1455/152
f 836/1455/153 1225/1444/153 1226/1447/153 835/1456/153
f 835/1456/155 1226/1447/155 1099/1458/155 772/1457/155
f 1226/1447/155 1229/1448/155 1100/1459/155 1099/1458/155
f 1229/1448/155 1232/1451/155 1101/1460/155 1100/1459/155
f 1232/1451/155 1048/1462/155 824/1461/155 1101/1460/155
f 1231/1449/153 1049/1463/153 1048/1462/153 1232/1451/153
f 1230/1450/152 1050/1464/152 1049/1463/152 1231/1449/152
f 982/1465/154 803/1466/154 1050/1464/154 1230/1450/154
f 983/1467/154 982/1465/154 1230/1450/154 1227/1446/154
f 984/1454/154 983/1467/154 1227/1446/154 1224/1443/154
f 1233/1468/156 1236/1471/156 1237/1470/156 1234/1469/156
f 1234/1469/157 1237/1470/157 1238/1473/157 1235/1472/157
f 1236/1471/156 1239/1475/156 1240/1474/156 1237/1470/156
f 1237/1470/157 1240/1474/157 1241/1476/157 1238/1473/157
f 798/1412/158 1093/1413/158 1233/1468/158 918/1477/158
f 918/1477/156 1233/1468/156 1234/1469/156 917/1478/156
f 917/1478/157 1234/1469/157 1235/1472/157 916/1479/157
f 916/1479/159 1235/1472/159 985/1481/159 799/1480/159
f 1235/1472/159 1238/1473/159 986/1482/159 985/1481/159
f 1238/1473/159 1241/1476/159 987/1483/159 986/1482/159
f 1241/1476/159 1081/1485/159 821/1484/159 987/1483/159
f 1240/1474/157 1082/1486/157 1081/1485/157 1241/1476/157
f 1239/1475/156 1083/1487/156 1082/1486/156 1240/1474/156
f 1095/1415/158 833/1416/158 1083/1487/158 1239/1475/158
f 1094/1414/158 1095/1415/158 1239/1475/158 1236/1471/158
f 1093/1413/158 1094/1414/158 1236/1471/158 1233/1468/158
f 1242/1488/160 1245/1491/160 1246/1490/160 1243/1489/160
f 1243/1489/161 1246/1490/161 1247/1493/161 1244/1492/161
f 1245/1491/160 1248/1495/160 1249/1494/160 1246/1490/160
f 1246/1490/161 1249/1494/161 1250/1496/161 1247/1493/161
f 785/1435/162 1096/1436/162 1242/1488/162 879/1497/162
f 879/1497/160 1242/1488/160 1243/1489/160 878/1498/160
f 878/1498/161 1243/1489/161 1244/1492/161 877/1499/161
f 877/1499/163 1244/1492/163 1102/1501/163 786/1500/163
f 1244/1492/163 1247/1493/163 1103/1502/163 1102/1501/163
f 1247/1493/163 1250/1496/163 1104/1503/163 1103/1502/163
f 1250/1496/163 1042/1505/163 829/1504/163 1104/1503/163
f 1249/1494/161 1043/1506/161 1042/1505/161 1250/1496/161
f 1248/1495/160 1044/1507/160 1043/1506/160 1249/1494/160
f 1098/1438/162 828/1439/162 1044/1507/162 1248/1495/162
f 1097/1437/162 1098/1438/162 1248/1495/162 1245/1491/162
f 1096/1436/162 1097/1437/162 1245/1491/162 1242/1488/162
f 1251/1508/164 1254/1511/164 1255/1510/164 1252/1509/164
f 1252/1509/165 1255/1510/165 1256/1513/165 1253/1512/165
f 1254/1511/164 1257/1515/164 1258/1514/164 1255/1510/164
f 1255/1510/165 1258/1514/165 1259/1516/165 1256/1513/165
f 772/1517/166 1099/1519/166 1251/1508/166 840/1518/166
f 840/1518/164 1251/1508/164 1252/1509/164 839/1520/164
f 839/1520/165 1252/1509/165 1253/1512/165 838/1521/165
f 838/1521/167 1253/1512/167 1105/1523/167 773/1522/167
f 1253/1512/167 1256/1513/167 1106/1524/167 1105/1523/167
f 1256/1513/167 1259/1516/167 1107/1525/167 1106/1524/167
f 1259/1516/167 1036/1527/167 825/1526/167 1107/1525/167
f 1258/1514/165 1037/1528/165 1036/1527/165 1259/1516/165
f 1257/1515/164 1038/1529/164 1037/1528/164 1258/1514/164
f 1101/1530/166 824/1531/166 1038/1529/166 1257/1515/166
f 1100/1532/166 1101/1530/166 1257/1515/166 1254/1511/166
f 1099/1519/166 1100/1532/166 1254/1511/166 1251/1508/166
f 1260/1533/168 1263/1536/168 1264/1535/168 1261/1534/168
f 1261/1534/169 1264/1535/169 1265/1538/169 1262/1537/169
f 1263/1536/168 1266/1540/168 1267/1539/168 1264/1535/168
f 1264/1535/169 1267/1539/169 1268/1541/169 1265/1538/169
f 799/1480/170 985/1481/170 1260/1533/170 921/1542/170
f 921/1542/168 1260/1533/168 1261/1534/168 920/1543/168
f 920/1543/169 1261/1534/169 1262/1537/169 919/1544/169
f 919/1544/171 1262/1537/171 988/1546/171 800/1545/171
f 1262/1537/171 1265/1538/171 989/1547/171 988/1546/171
f 1265/1538/171 1268/1541/171 990/1548/171 989/1547/171
f 1268/1541/171 967/1550/171 822/1549/171 990/1548/171
f 1267/1539/169 968/1551/169 967/1550/169 1268/1541/169
f 1266/1540/168 969/1552/168 968/1551/168 1267/1539/168
f 987/1483/170 821/1484/170 969/1552/170 1266/1540/170
f 986/1482/170 987/1483/170 1266/1540/170 1263/1536/170
f 985/1481/170 986/1482/170 1263/1536/170 1260/1533/170
f 1269/1553/172 1272/1556/172 1273/1555/172 1270/1554/172
f 1270/1554/173 1273/1555/173 1274/1558/173 1271/1557/173
f 1272/1556/172 1275/1560/172 1276/1559/172 1273/1555/172
f 1273/1555/173 1276/1559/173 1277/1561/173 1274/1558/173
f 786/1500/174 1102/1501/174 1269/1553/174 882/1562/174
f 882/1562/172 1269/1553/172 1270/1554/172 881/1563/172
f 881/1563/173 1270/1554/173 1271/1557/173 880/1564/173
f 880/1564/175 1271/1557/175 991/1566/175 787/1565/175
f 1271/1557/175 1274/1558/175 992/1567/175 991/1566/175
f 1274/1558/175 1277/1561/175 993/1568/175 992/1567/175
f 1277/1561/175 1063/1570/175 813/1569/175 993/1568/175
f 1276/1559/173 1064/1571/173 1063/1570/173 1277/1561/173
f 1275/1560/172 1065/1572/172 1064/1571/172 1276/1559/172
f 1104/1503/174 829/1504/174 1065/1572/174 1275/1560/174
f 1103/1502/174 1104/1503/174 1275/1560/174 1272/1556/174
f 1102/1501/174 1103/1502/174 1272/1556/174 1269/1553/174
f 1278/1573/176 1281/1576/176 1282/1575/176 1279/1574/176
f 1279/1574/177 1282/1575/177 1283/1578/177 1280/1577/177
f 1281/1576/176 1284/1580/176 1285/1579/176 1282/1575/176
f 1282/1575/177 1285/1579/177 1286/1581/177 1283/1578/177
f 773/1522/178 1105/1523/178 1278/1573/178 843/1582/178
f 843/1582/176 1278/1573/176 1279/1574/176 842/1583/176
f 842/1583/177 1279/1574/177 1280/1577/177 841/1584/177
f 841/1584/179 1280/1577/179 994/1586/179 774/1585/179
f 1280/1577/179 1283/1578/179 995/1587/179 994/1586/179
f 1283/1578/179 1286/1581/179 996/1588/179 995/1587/179
f 1286/1581/179 1051/1590/179 804/1589/179 996/1588/179
f 1285/1579/177 1052/1591/177 1051/1590/177 1286/1581/177
f 1284/1580/176 1053/1592/176 1052/1591/176 1285/1579/176
f 1107/1525/178 825/1526/178 1053/1592/178 1284/1580/178
f 1106/1524/178 1107/1525/178 1284/1580/178 1281/1576/178
f 1105/1523/178 1106/1524/178 1281/1576/178 1278/1573/178
f 1287/1593/180 1290/1596/180 1291/1595/180 1288/1594/180
f 1288/1594/181 1291/1595/181 1292/1598/181 1289/1597/181
f 1290/1596/180 1293/1600/180 1294/1599/180 1291/1595/180
f 1291/1595/181 1294/1599/181 1295/1601/181 1292/1598/181
f 800/1545/182 988/1546/182 1287/1593/182 924/1602/182
f 924/1602/180 1287/1593/180 1288/1594/180 923/1603/180
f 923/1603/181 1288/1594/181 1289/1597/181 922/1604/181
f 922/1604/183 1289/1597/183 997/1606/183 801/1605/183
f 1289/1597/183 1292/1598/183 998/1607/183 997/1606/183
f 1292/1598/183 1295/1601/183 999/1608/183 998/1607/183
f 1295/1601/183 970/1610/183 823/1609/183 999/1608/183
f 1294/1599/181 971/1611/181 970/1610/181 1295/1601/181
f 1293/1600/180 972/1612/180 971/1611/180 1294/1599/180
f 990/1548/182 822/1549/182 972/1612/182 1293/1600/182
f 989/1547/182 990/1548/182 1293/1600/182 1290/1596/182
f 988/1546/182 989/1547/182 1290/1596/182 1287/1593/182
f 1296/1613/184 1299/1616/184 1300/1615/184 1297/1614/184
f 1297/1614/185 1300/1615/185 1301/1618/185 1298/1617/185
f 1299/1616/184 1302/1620/184 1303/1619/184 1300/1615/184
f 1300/1615/185 1303/1619/185 1304/1621/185 1301/1618/185
f 787/1565/186 991/1566/186 1296/1613/186 885/1622/186
f 885/1622/184 1296/1613/184 1297/1614/184 884/1623/184
f 884/1623/185 1297/1614/185 1298/1617/185 883/1624/185
f 883/1624/187 1298/1617/187 1000/1626/187 788/1625/187
f 1298/1617/187 1301/1618/187 1001/1627/187 1000/1626/187
f 1301/1618/187 1304/1621/187 1002/1628/187 1001/1627/187
f 1304/1621/187 952/1630/187 814/1629/187 1002/1628/187
f 1303/1619/185 953/1631/185 952/1630/185 1304/1621/185
f 1302/1620/184 954/1632/184 953/1631/184 1303/1619/184
f 993/1568/186 813/1569/186 954/1632/186 1302/1620/186
f 992/1567/186 993/1568/186 1302/1620/186 1299/1616/186
f 991/1566/186 992/1567/186 1299/1616/186 1296/1613/186
f 1305/1633/188 1308/1636/188 1309/1635/188 1306/1634/188
f 1306/1634/189 1309/1635/189 1310/1638/189 1307/1637/189
f 1308/1636/188 1311/1640/188 1312/1639/188 1309/1635/188
f 1309/1635/189 1312/1639/189 1313/1641/189 1310/1638/189
f 774/1585/190 994/1586/190 1305/1633/190 846/1642/190
f 846/1642/188 1305/1633/188 1306/1634/188 845/1643/188
f 845/1643/189 1306/1634/189 1307/1637/189 844/1644/189
f 844/1644/191 1307/1637/191 1108/1646/191 775/1645/191
f 1307/1637/191 1310/1638/191 1109/1647/191 1108/1646/191
f 1310/1638/191 1313/1641/191 1110/1648/191 1109/1647/191
f 1313/1641/191 1054/1650/191 826/1649/191 1110/1648/191
f 1312/1639/189 1055/1651/189 1054/1650/189 1313/1641/189
f 1311/1640/188 1056/1652/188 1055/1651/188 1312/1639/188
f 996/1588/190 804/1589/190 1056/1652/190 1311/1640/190
f 995/1587/190 996/1588/190 1311/1640/190 1308/1636/190
f 994/1586/190 995/1587/190 1308/1636/190 1305/1633/190
f 1314/1653/192 1317/1656/192 1318/1655/192 1315/1654/192
f 1315/1654/193 1318/1655/193 1319/1658/193 1316/1657/193
f 1317/1656/192 1320/1660/192 1321/1659/192 1318/1655/192
f 1318/1655/193 1321/1659/193 1322/1661/193 1319/1658/193
f 801/1605/194 997/1606/194 1314/1653/194 927/1662/194
f 927/1662/192 1314/1653/192 1315/1654/192 926/1663/192
f 926/1663/193 1315/1654/193 1316/1657/193 925/1664/193
f 925/1664/195 1316/1657/195 1111/1666/195 802/1665/195
f 1316/1657/195 1319/1658/195 1112/1667/195 1111/1666/195
f 1319/1658/195 1322/1661/195 1113/1668/195 1112/1667/195
f 1322/1661/195 1084/1670/195 834/1669/195 1113/1668/195
f 1321/1659/193 1085/1671/193 1084/1670/193 1322/1661/193
f 1320/1660/192 1086/1672/192 1085/1671/192 1321/1659/192
f 999/1608/194 823/1609/194 1086/1672/194 1320/1660/194
f 998/1607/194 999/1608/194 1320/1660/194 1317/1656/194
f 997/1606/194 998/1607/194 1317/1656/194 1314/1653/194
f 1323/1673/196 1326/1676/196 1327/1675/196 1324/1674/196
f 1324/1674/197 1327/1675/197 1328/1678/197 1325/1677/197
f 1326/1676/196 1329/1680/196 1330/1679/196 1327/1675/196
f 1327/1675/197 1330/1679/197 1331/1681/197 1328/1678/197
f 788/1682/198 1000/1684/198 1323/1673/198 888/1683/198
f 888/1683/196 1323/1673/196 1324/1674/196 887/1685/196
f 887/1685/197 1324/1674/197 1325/1677/197 886/1686/197
f 886/1686/199 1325/1677/199 1114/1688/199 789/1687/199
f 1325/1677/199 1328/1678/199 1115/1689/199 1114/1688/199
f 1328/1678/199 1331/1681/199 1116/1690/199 1115/1689/199
f 1331/1681/199 1066/1692/199 830/1691/199 1116/1690/199
f 1330/1679/197 1067/1693/197 1066/1692/197 1331/1681/197
f 1329/1680/196 1068/1694/196 1067/1693/196 1330/1679/196
f 1002/1695/198 814/1696/198 1068/1694/198 1329/1680/198
f 1001/1697/198 1002/1695/198 1329/1680/198 1326/1676/198
f 1000/1684/198 1001/1697/198 1326/1676/198 1323/1673/198
f 1332/1698/200 1335/1701/200 1336/1700/200 1333/1699/200
f 1333/1699/201 1336/1700/201 1337/1703/201 1334/1702/201
f 1335/1701/200 1338/1705/200 1339/1704/200 1336/1700/200
f 1336/1700/201 1339/1704/201 1340/1706/201 1337/1703/201
f 775/1645/202 1108/1646/202 1332/1698/202 849/1707/202
f 849/1707/200 1332/1698/200 1333/1699/200 848/1708/200
f 848/1708/201 1333/1699/201 1334/1702/201 847/1709/201
f 847/1709/203 1334/1702/203 1003/1711/203 776/1710/203
f 1334/1702/203 1337/1703/203 1004/1712/203 1003/1711/203
f 1337/1703/203 1340/1706/203 1005/1713/203 1004/1712/203
f 1340/1706/203 1057/1715/203 805/1714/203 1005/1713/203
f 1339/1704/201 1058/1716/201 1057/1715/201 1340/1706/201
f 1338/1705/200 1059/1717/200 1058/1716/200 1339/1704/200
f 1110/1648/202 826/1649/202 1059/1717/202 1338/1705/202
f 1109/1647/202 1110/1648/202 1338/1705/202 1335/1701/202
f 1108/1646/202 1109/1647/202 1335/1701/202 1332/1698/202
f 1341/1718/204 1344/1721/204 1345/1720/204 1342/1719/204
f 1342/1719/205 1345/1720/205 1346/1723/205 1343/1722/205
f 1344/1721/204 1347/1725/204 1348/1724/204 1345/1720/204
f 1345/1720/205 1348/1724/205 1349/1726/205 1346/1723/205
f 802/1665/206 1111/1666/206 1341/1718/206 930/1727/206
f 930/1727/204 1341/1718/204 1342/1719/204 929/1728/204
f 929/1728/205 1342/1719/205 1343/1722/205 928/1729/205
f 928/1729/207 1343/1722/207 984/1454/207 771/1452/207
f 1343/1722/207 1346/1723/207 983/1467/207 984/1454/207
f 1346/1723/207 1349/1726/207 982/1465/207 983/1467/207
f 1349/1726/207 1087/1730/207 803/1466/207 982/1465/207
f 1348/1724/205 1088/1731/205 1087/1730/205 1349/1726/205
f 1347/1725/204 1089/1732/204 1088/1731/204 1348/1724/204
f 1113/1668/206 834/1669/206 1089/1732/206 1347/1725/206
f 1112/1667/206 1113/1668/206 1347/1725/206 1344/1721/206
f 1111/1666/206 1112/1667/206 1344/1721/206 1341/1718/206
f 1350/1733/208 1353/1736/208 1354/1735/208 1351/1734/208
f 1351/1734/209 1354/1735/209 1355/1738/209 1352/1737/209
f 1353/1736/208 1356/1740/208 1357/1739/208 1354/1735/208
f 1354/1735/209 1357/1739/209 1358/1741/209 1355/1738/209
f 789/1687/210 1114/1688/210 1350/1733/210 891/1742/210
f 891/1742/208 1350/1733/208 1351/1734/208 890/1743/208
f 890/1743/209 1351/1734/209 1352/1737/209 889/1744/209
f 889/1744/211 1352/1737/211 1006/1746/211 790/1745/211
f 1352/1737/211 1355/1738/211 1007/1747/211 1006/1746/211
f 1355/1738/211 1358/1741/211 1008/1748/211 1007/1747/211
f 1358/1741/211 1069/1750/211 815/1749/211 1008/1748/211
f 1357/1739/209 1070/1751/209 1069/1750/209 1358/1741/209
f 1356/1740/208 1071/1752/208 1070/1751/208 1357/1739/208
f 1116/1690/210 830/1691/210 1071/1752/210 1356/1740/210
f 1115/1689/210 1116/1690/210 1356/1740/210 1353/1736/210
f 1114/1688/210 1115/1689/210 1353/1736/210 1350/1733/210
f 1359/1753/212 1362/1756/212 1363/1755/212 1360/1754/212
f 1360/1754/213 1363/1755/213 1364/1758/213 1361/1757/213
f 1362/1756/212 1365/1760/212 1366/1759/212 1363/1755/212
f 1363/1755/213 1366/1759/213 1367/1761/213 1364/1758/213
f 776/1710/214 1003/1711/214 1359/1753/214 852/1762/214
f 852/1762/212 1359/1753/212 1360/1754/212 851/1763/212
f 851/1763/213 1360/1754/213 1361/1757/213 850/1764/213
f 850/1764/215 1361/1757/215 1009/1766/215 777/1765/215
f 1361/1757/215 1364/1758/215 1010/1767/215 1009/1766/215
f 1364/1758/215 1367/1761/215 1011/1768/215 1010/1767/215
f 1367/1761/215 931/1770/215 806/1769/215 1011/1768/215
f 1366/1759/213 932/1771/213 931/1770/213 1367/1761/213
f 1365/1760/212 933/1772/212 932/1771/212 1366/1759/212
f 1005/1713/214 805/1714/214 933/1772/214 1365/1760/214
f 1004/1712/214 1005/1713/214 1365/1760/214 1362/1756/214
f 1003/1711/214 1004/1712/214 1362/1756/214 1359/1753/214
f 1368/1773/216 1371/1776/216 1372/1775/216 1369/1774/216
f 1369/1774/217 1372/1775/217 1373/1778/217 1370/1777/217
f 1371/1776/216 1374/1780/216 1375/1779/216 1372/1775/216
f 1372/1775/217 1375/1779/217 1376/1781/217 1373/1778/217
f 790/1745/218 1006/1746/218 1368/1773/218 894/1782/218
f 894/1782/216 1368/1773/216 1369/1774/216 893/1783/216
f 893/1783/217 1369/1774/217 1370/1777/217 892/1784/217
f 892/1784/219 1370/1777/219 1012/1786/219 791/1785/219
f 1370/1777/219 1373/1778/219 1013/1787/219 1012/1786/219
f 1373/1778/219 1376/1781/219 1014/1788/219 1013/1787/219
f 1376/1781/219 955/1790/219 816/1789/219 1014/1788/219
f 1375/1779/217 956/1791/217 955/1790/217 1376/1781/217
f 1374/1780/216 957/1792/216 956/1791/216 1375/1779/216
f 1008/1748/218 815/1749/218 957/1792/218 1374/1780/218
f 1007/1747/218 1008/1748/218 1374/1780/218 1371/1776/218
f 1006/1746/218 1007/1747/218 1371/1776/218 1368/1773/218
f 1377/1793/220 1380/1796/220 1381/1795/220 1378/1794/220
f 1378/1794/221 1381/1795/221 1382/1798/221 1379/1797/221
f 1380/1796/220 1383/1800/220 1384/1799/220 1381/1795/220
f 1381/1795/221 1384/1799/221 1385/1801/221 1382/1798/221
f 777/1765/222 1009/1766/222 1377/1793/222 855/1802/222
f 855/1802/220 1377/1793/220 1378/1794/220 854/1803/220
f 854/1803/221 1378/1794/221 1379/1797/221 853/1804/221
f 853/1804/223 1379/1797/223 1015/1806/223 778/1805/223
f 1379/1797/223 1382/1798/223 1016/1807/223 1015/1806/223
f 1382/1798/223 1385/1801/223 1017/1808/223 1016/1807/223
f 1385/1801/223 934/1810/223 807/1809/223 1017/1808/223
f 1384/1799/221 935/1811/221 934/1810/221 1385/1801/221
f 1383/1800/220 936/1812/220 935/1811/220 1384/1799/220
f 1011/1768/222 806/1769/222 936/1812/222 1383/1800/222
f 1010/1767/222 1011/1768/222 1383/1800/222 1380/1796/222
f 1009/1766/222 1010/1767/222 1380/1796/222 1377/1793/222
f 1386/1813/224 1389/1816/224 1390/1815/224 1387/1814/224
f 1387/1814/225 1390/1815/225 1391/1818/225 1388/1817/225
f 1389/1816/224 1392/1820/224 1393/1819/224 1390/1815/224
f 1390/1815/225 1393/1819/225 1394/1821/225 1391/1818/225
f 791/1785/226 1012/1786/226 1386/1813/226 897/1822/226
f 897/1822/224 1386/1813/224 1387/1814/224 896/1823/224
f 896/1823/225 1387/1814/225 1388/1817/225 895/1824/225
f 895/1824/227 1388/1817/227 1117/1826/227 792/1825/227
f 1388/1817/227 1391/1818/227 1118/1827/227 1117/1826/227
f 1391/1818/227 1394/1821/227 1119/1828/227 1118/1827/227
f 1394/1821/227 1072/1830/227 831/1829/227 1119/1828/227
f 1393/1819/225 1073/1831/225 1072/1830/225 1394/1821/225
f 1392/1820/224 1074/1832/224 1073/1831/224 1393/1819/224
f 1014/1788/226 816/1789/226 1074/1832/226 1392/1820/226
f 1013/1787/226 1014/1788/226 1392/1820/226 1389/1816/226
f 1012/1786/226 1013/1787/226 1389/1816/226 1386/1813/226
f 1395/1833/228 1398/1836/228 1399/1835/228 1396/1834/228
f 1396/1834/229 1399/1835/229 1400/1838/229 1397/1837/229
f 1398/1836/228 1401/1840/228 1402/1839/228 1399/1835/228
f 1399/1835/229 1402/1839/229 1403/1841/229 1400/1838/229
f 778/1805/230 1015/1806/230 1395/1833/230 858/1842/230
f 858/1842/228 1395/1833/228 1396/1834/228 857/1843/228
f 857/1843/229 1396/1834/229 1397/1837/229 856/1844/229
f 856/1844/231 1397/1837/231 1018/1846/231 779/1845/231
f 1397/1837/231 1400/1838/231 1019/1847/231 1018/1846/231
f 1400/1838/231 1403/1841/231 1020/1848/231 1019/1847/231
f 1403/1841/231 937/1850/231 808/1849/231 1020/1848/231
f 1402/1839/229 938/1851/229 937/1850/229 1403/1841/229
f 1401/1840/228 939/1852/228 938/1851/228 1402/1839/228
f 1017/1808/230 807/1809/230 939/1852/230 1401/1840/230
f 1016/1807/230 1017/1808/230 1401/1840/230 1398/1836/230
f 1015/1806/230 1016/1807/230 1398/1836/230 1395/1833/230
f 1404/1853/232 1407/1856/232 1408/1855/232 1405/1854/232
f 1405/1854/233 1408/1855/233 1409/1858/233 1406/1857/233
f 1407/1856/232 1410/1860/232 1411/1859/232 1408/1855/232
f 1408/1855/233 1411/1859/233 1412/1861/233 1409/1858/233
f 792/1825/234 1117/1826/234 1404/1853/234 900/1862/234
f 900/1862/232 1404/1853/232 1405/1854/232 899/1863/232
f 899/1863/233 1405/1854/233 1406/1857/233 898/1864/233
f 898/1864/235 1406/1857/235 1120/1866/235 793/1865/235
f 1406/1857/235 1409/1858/235 1121/1867/235 1120/1866/235
f 1409/1858/235 1412/1861/235 1122/1868/235 1121/1867/235
f 1412/1861/235 1045/1870/235 832/1869/235 1122/1868/235
f 1411/1859/233 1046/1871/233 1045/1870/233 1412/1861/233
f 1410/1860/232 1047/1872/232 1046/1871/232 1411/1859/232
f 1119/1828/234 831/1829/234 1047/1872/234 1410/1860/234
f 1118/1827/234 1119/1828/234 1410/1860/234 1407/1856/234
f 1117/1826/234 1118/1827/234 1407/1856/234 1404/1853/234
f 1413/1873/236 1416/1876/236 1417/1875/236 1414/1874/236
f 1414/1874/237 1417/1875/237 1418/1878/237 1415/1877/237
f 1416/1876/236 1419/1880/236 1420/1879/236 1417/1875/236
f 1417/1875/237 1420/1879/237 1421/1881/237 1418/1878/237
f 779/1882/238 1018/1884/238 1413/1873/238 861/1883/238
f 861/1883/236 1413/1873/236 1414/1874/236 860/1885/236
f 860/1885/237 1414/1874/237 1415/1877/237 859/1886/237
f 859/1886/239 1415/1877/239 1021/1888/239 780/1887/239
f 1415/1877/239 1418/1878/239 1022/1889/239 1021/1888/239
f 1418/1878/239 1421/1881/239 1023/1890/239 1022/1889/239
f 1421/1881/239 940/1892/239 809/1891/239 1023/1890/239
f 1420/1879/237 941/1893/237 940/1892/237 1421/1881/237
f 1419/1880/236 942/1894/236 941/1893/236 1420/1879/236
f 1020/1895/238 808/1896/238 942/1894/238 1419/1880/238
f 1019/1897/238 1020/1895/238 1419/1880/238 1416/1876/238
f 1018/1884/238 1019/1897/238 1416/1876/238 1413/1873/238
f 1422/1898/240 1425/1901/240 1426/1900/240 1423/1899/240
f 1423/1899/241 1426/1900/241 1427/1903/241 1424/1902/241
f 1425/1901/240 1428/1905/240 1429/1904/240 1426/1900/240
f 1426/1900/241 1429/1904/241 1430/1906/241 1427/1903/241
f 793/1865/242 1120/1866/242 1422/1898/242 903/1907/242
f 903/1907/243 1422/1898/243 1423/1899/243 902/1908/243
f 902/1908/241 1423/1899/241 1424/1902/241 901/1909/241
f 901/1909/244 1424/1902/244 1024/1911/244 794/1910/244
f 1424/1902/244 1427/1903/244 1025/1912/244 1024/1911/244
f 1427/1903/244 1430/1906/244 1026/1913/244 1025/1912/244
f 1430/1906/244 1075/1915/244 817/1914/244 1026/1913/244
f 1429/1904/241 1076/1916/241 1075/1915/241 1430/1906/241
f 1428/1905/240 1077/1917/240 1076/1916/240 1429/1904/240
f 1122/1868/242 832/1869/242 1077/1917/242 1428/1905/242
f 1121/1867/242 1122/1868/242 1428/1905/242 1425/1901/242
f 1120/1866/242 1121/1867/242 1425/1901/242 1422/1898/242
f 1431/1918/245 1434/1921/245 1435/1920/245 1432/1919/245
f 1432/1919/246 1435/1920/246 1436/1923/246 1433/1922/246
f 1434/1921/245 1437/1925/245 1438/1924/245 1435/1920/245
f 1435/1920/247 1438/1924/247 1439/1926/247 1436/1923/247
f 780/1887/248 1021/1888/248 1431/1918/248 864/1927/248
f 864/1927/245 1431/1918/245 1432/1919/245 863/1928/245
f 863/1928/246 1432/1919/246 1433/1922/246 862/1929/246
f 862/1929/249 1433/1922/249 1027/1931/249 781/1930/249
f 1433/1922/249 1436/1923/249 1028/1932/249 1027/1931/249
f 1436/1923/249 1439/1926/249 1029/1933/249 1028/1932/249
f 1439/1926/249 943/1935/249 810/1934/249 1029/1933/249
f 1438/1924/247 944/1936/247 943/1935/247 1439/1926/247
f 1437/1925/245 945/1937/245 944/1936/245 1438/1924/245
f 1023/1890/248 809/1891/248 945/1937/248 1437/1925/248
f 1022/1889/248 1023/1890/248 1437/1925/248 1434/1921/248
f 1021/1888/248 1022/1889/248 1434/1921/248 1431/1918/248
f 1440/1938/250 1443/1941/250 1444/1940/250 1441/1939/250
f 1441/1939/251 1444/1940/251 1445/1943/251 1442/1942/251
f 1443/1941/250 1446/1945/250 1447/1944/250 1444/1940/250
f 1444/1940/251 1447/1944/251 1448/1946/251 1445/1943/251
f 794/1910/252 1024/1911/252 1440/1938/252 906/1947/252
f 906/1947/250 1440/1938/250 1441/1939/250 905/1948/250
f 905/1948/251 1441/1939/251 1442/1942/251 904/1949/251
f 904/1949/253 1442/1942/253 1030/1951/253 795/1950/253
f 1442/1942/253 1445/1943/253 1031/1952/253 1030/1951/253
f 1445/1943/253 1448/1946/253 1032/1953/253 1031/1952/253
f 1448/1946/253 958/1955/253 818/1954/253 1032/1953/253
f 1447/1944/251 959/1956/251 958/1955/251 1448/1946/251
f 1446/1945/250 960/1957/250 959/1956/250 1447/1944/250
f 1026/1913/252 817/1914/252 960/1957/252 1446/1945/252
f 1025/1912/252 1026/1913/252 1446/1945/252 1443/1941/252
f 1024/1911/252 1025/1912/252 1443/1941/252 1440/1938/252
f 1449/1958/254 1452/1961/254 1453/1960/254 1450/1959/254
f 1450/1959/255 1453/1960/255 1454/1963/255 1451/1962/255
f 1452/1961/254 1455/1965/254 1456/1964/254 1453/1960/254
f 1453/1960/255 1456/1964/255 1457/1966/255 1454/1963/255
f 781/1930/256 1027/1931/256 1449/1958/256 867/1967/256
f 867/1967/254 1449/1958/254 1450/1959/254 866/1968/254
f 866/1968/255 1450/1959/255 1451/1962/255 865/1969/255
f 865/1969/257 1451/1962/257 1033/1971/257 782/1970/257
f 1451/1962/257 1454/1963/257 1034/1972/257 1033/1971/257
f 1454/1963/257 1457/1966/257 1035/1973/257 1034/1972/257
f 1457/1966/257 946/1975/257 811/1974/257 1035/1973/257
f 1456/1964/255 947/1976/255 946/1975/255 1457/1966/255
f 1455/1965/254 948/1977/254 947/1976/254 1456/1964/254
f 1029/1933/256 810/1934/256 948/1977/256 1455/1965/256
f 1028/1932/256 1029/1933/256 1455/1965/256 1452/1961/256
f 1027/1931/256 1028/1932/256 1452/1961/256 1449/1958/256
f 1458/1978/258 1461/1981/258 1462/1980/258 1459/1979/258
f 1459/1979/259 1462/1980/259 1463/1983/259 1460/1982/259
f 1461/1981/258 1464/1985/258 1465/1984/258 1462/1980/258
f 1462/1980/259 1465/1984/259 1466/1986/259 1463/1983/259
f 795/1950/260 1030/1951/260 1458/1978/260 909/1987/260
f 909/1987/258 1458/1978/258 1459/1979/258 908/1988/258
f 908/1988/259 1459/1979/259 1460/1982/259 907/1989/259
f 907/1989/261 1460/1982/261 978/1359/261 796/1357/261
f 1460/1982/261 1463/1983/261 977/1372/261 978/1359/261
f 1463/1983/261 1466/1986/261 976/1370/261 977/1372/261
f 1466/1986/261 961/1990/261 819/1371/261 976/1370/261
f 1465/1984/259 962/1991/259 961/1990/259 1466/1986/259
f 1464/1985/258 963/1992/258 962/1991/258 1465/1984/258
f 1032/1953/260 818/1954/260 963/1992/260 1464/1985/260
f 1031/1952/260 1032/1953/260 1464/1985/260 1461/1981/260
f 1030/1951/260 1031/1952/260 1461/1981/260 1458/1978/260
f 1467/1993/262 1470/1996/262 1471/1995/262 1468/1994/262
f 1468/1994/263 1471/1995/263 1472/1998/263 1469/1997/263
f 1470/1996/262 1473/2000/262 1474/1999/262 1471/1995/262
f 1471/1995/263 1474/1999/263 1475/2001/263 1472/1998/263
f 782/1970/264 1033/1971/264 1467/1993/264 870/2002/264
f 870/2002/262 1467/1993/262 1468/1994/262 869/2003/262
f 869/2003/263 1468/1994/263 1469/1997/263 868/2004/263
f 868/2004/265 1469/1997/265 981/1384/265 783/1382/265
f 1469/1997/265 1472/1998/265 980/1397/265 981/1384/265
f 1472/1998/265 1475/2001/265 979/1395/265 980/1397/265
f 1475/2001/265 949/2005/265 812/1396/265 979/1395/265
f 1474/1999/263 950/2006/263 949/2005/263 1475/2001/263
f 1473/2000/262 951/2007/262 950/2006/262 1474/1999/262
f 1035/1973/264 811/1974/264 951/2007/264 1473/2000/264
f 1034/1972/264 1035/1973/264 1473/2000/264 1470/1996/264
f 1033/1971/264 1034/1972/264 1470/1996/264 1467/1993/264
f 1477/2008/266 1540/2011/266 1476/2010/266 1478/2009/266
f 1479/2012/266 1478/2009/266 1476/2010/266 1480/2013/266
f 1481/2014/266 1480/2016/266 1476/2010/266 1482/2015/266
f 1483/2017/266 1482/2019/266 1476/2010/266 1484/2018/266
f 1485/2020/266 1484/2018/266 1476/2010/266 1486/2021/266
f 1487/2022/266 1486/2021/266 1476/2010/266 1488/2023/266
f 1489/2024/266 1488/2026/266 1476/2010/266 1490/2025/266
f 1491/2027/266 1490/2029/266 1476/2010/266 1492/2028/266
f 1493/2030/266 1492/2032/266 1476/2010/266 1494/2031/266
f 1495/2033/266 1494/2035/266 1476/2010/266 1496/2034/266
f 1497/2036/266 1496/2038/266 1476/2010/266 1498/2037/266
f 1499/2039/266 1498/2041/266 1476/2010/266 1500/2040/266
f 1501/2042/266 1500/2044/266 1476/2010/266 1502/2043/266
f 1503/2045/266 1502/2047/266 1476/2010/266 1504/2046/266
f 1505/2048/266 1504/2050/266 1476/2010/266 1506/2049/266
f 1507/2051/266 1506/2053/266 1476/2010/266 1508/2052/266
f 1509/2054/266 1508/2056/266 1476/2010/266 1510/2055/266
f 1511/2057/266 1510/2055/266 1476/2010/266 1512/2058/266
f 1513/2059/266 1512/2061/266 1476/2010/266 1514/2060/266
f 1515/2062/266 1514/2064/266 1476/2010/266 1516/2063/266
f 1517/2065/266 1516/2067/266 1476/2010/266 1518/2066/266
f 1519/2068/266 1518/2066/266 1476/2010/266 1520/2069/266
f 1521/2070/266 1520/2072/266 1476/2010/266 1522/2071/266
f 1523/2073/266 1522/2071/266 1476/2010/266 1524/2074/266
f 1525/2075/266 1524/2077/266 1476/2010/266 1526/2076/266
f 1527/2078/266 1526/2076/266 1476/2010/266 1528/2079/266
f 1529/2080/266 1528/2082/266 1476/2010/266 1530/2081/266
f 1531/2083/266 1530/2085/266 1476/2010/266 1532/2084/266
f 1533/2086/266 1532/2088/266 1476/2010/266 1534/2087/266
f 1535/2089/266 1534/2091/266 1476/2010/266 1536/2090/266
f 1537/2092/266 1536/2094/266 1476/2010/266 1538/2093/266
f 1539/2095/266 1538/2097/266 1476/2010/266 1540/2096/266
f 824/2098/266 1048/2100/266 1477/2008/266 1038/2099/266
f 1038/2099/266 1477/2008/266 1478/2009/266 1037/2101/266
f 1048/2100/266 1049/2102/266 1540/2011/266 1477/2008/266
f 825/2103/266 1036/2105/266 1479/2012/266 1053/2104/266
f 1053/2104/266 1479/2012/266 1480/2013/266 1052/2106/266
f 1036/2105/266 1037/2101/266 1478/2009/266 1479/2012/266
f 804/2107/266 1051/2109/266 1481/2014/266 1056/2108/266
f 1056/2108/266 1481/2014/266 1482/2015/266 1055/2110/266
f 1051/2109/266 1052/2106/266 1480/2016/266 1481/2014/266
f 826/2111/266 1054/2113/266 1483/2017/266 1059/2112/266
f 1059/2112/266 1483/2017/266 1484/2018/266 1058/2114/266
f 1054/2113/266 1055/2110/266 1482/2019/266 1483/2017/266
f 805/2115/266 1057/2117/266 1485/2020/266 933/2116/266
f 933/2116/266 1485/2020/266 1486/2021/266 932/2118/266
f 1057/2117/266 1058/2114/266 1484/2018/266 1485/2020/266
f 806/2119/266 931/2121/266 1487/2022/266 936/2120/266
f 936/2120/266 1487/2022/266 1488/2023/266 935/2122/266
f 931/2121/266 932/2123/266 1486/2021/266 1487/2022/266
f 807/2124/266 934/2126/266 1489/2024/266 939/2125/266
f 939/2125/266 1489/2024/266 1490/2025/266 938/2127/266
f 934/2126/266 935/2122/266 1488/2026/266 1489/2024/266
f 808/2128/266 937/2130/266 1491/2027/266 942/2129/266
f 942/2129/266 1491/2027/266 1492/2028/266 941/2131/266
f 937/2130/266 938/2127/266 1490/2029/266 1491/2027/266
f 809/2132/266 940/2134/266 1493/2030/266 945/2133/266
f 945/2133/266 1493/2030/266 1494/2031/266 944/2135/266
f 940/2134/266 941/2131/266 1492/2032/266 1493/2030/266
f 810/2136/266 943/2138/266 1495/2033/266 948/2137/266
f 948/2137/266 1495/2033/266 1496/2034/266 947/2139/266
f 943/2138/266 944/2135/266 1494/2035/266 1495/2033/266
f 811/2140/266 946/2142/266 1497/2036/266 951/2141/266
f 951/2141/266 1497/2036/266 1498/2037/266 950/2143/266
f 946/2142/266 947/2139/266 1496/2038/266 1497/2036/266
f 812/2144/266 949/2146/266 1499/2039/266 1062/2145/266
f 1062/2145/266 1499/2039/266 1500/2040/266 1061/2147/266
f 949/2146/266 950/2143/266 1498/2041/266 1499/2039/266
f 827/2148/266 1060/2150/266 1501/2042/266 1041/2149/266
f 1041/2149/266 1501/2042/266 1502/2043/266 1040/2151/266
f 1060/2150/266 1061/2147/266 1500/2044/266 1501/2042/266
f 828/2152/266 1039/2154/266 1503/2045/266 1044/2153/266
f 1044/2153/266 1503/2045/266 1504/2046/266 1043/2155/266
f 1039/2154/266 1040/2151/266 1502/2047/266 1503/2045/266
f 829/2156/266 1042/2158/266 1505/2048/266 1065/2157/266
f 1065/2157/266 1505/2048/266 1506/2049/266 1064/2159/266
f 1042/2158/266 1043/2155/266 1504/2050/266 1505/2048/266
f 813/2160/266 1063/2162/266 1507/2051/266 954/2161/266
f 954/2161/266 1507/2051/266 1508/2052/266 953/2163/266
f 1063/2162/266 1064/2159/266 1506/2053/266 1507/2051/266
f 814/2164/266 952/2166/266 1509/2054/266 1068/2165/266
f 1068/2165/266 1509/2054/266 1510/2055/266 1067/2167/266
f 952/2166/266 953/2168/266 1508/2056/266 1509/2054/266
f 830/2169/266 1066/2171/266 1511/2057/266 1071/2170/266
f 1071/2170/266 1511/2057/266 1512/2058/266 1070/2172/266
f 1066/2171/266 1067/2173/266 1510/2055/266 1511/2057/266
f 815/2174/266 1069/2176/266 1513/2059/266 957/2175/266
f 957/2175/266 1513/2059/266 1514/2060/266 956/2177/266
f 1069/2176/266 1070/2178/266 1512/2061/266 1513/2059/266
f 816/2179/266 955/2181/266 1515/2062/266 1074/2180/266
f 1074/2180/266 1515/2062/266 1516/2063/266 1073/2182/266
f 955/2181/266 956/2177/266 1514/2064/266 1515/2062/266
f 831/2183/266 1072/2185/266 1517/2065/266 1047/2184/266
f 1047/2184/266 1517/2065/266 1518/2066/266 1046/2186/266
f 1072/2185/266 1073/2182/266 1516/2067/266 1517/2065/266
f 832/2187/266 1045/2189/266 1519/2068/266 1077/2188/266
f 1077/2188/266 1519/2068/266 1520/2069/266 1076/2190/266
f 1045/2189/266 1046/2186/266 1518/2066/266 1519/2068/266
f 817/2191/266 1075/2193/266 1521/2070/266 960/2192/266
f 960/2192/266 1521/2070/266 1522/2071/266 959/2194/266
f 1075/2193/266 1076/2195/266 1520/2072/266 1521/2070/266
f 818/2196/266 958/2198/266 1523/2073/266 963/2197/266
f 963/2197/266 1523/2073/266 1524/2074/266 962/2199/266
f 958/2198/266 959/2194/266 1522/2071/266 1523/2073/266
f 819/2200/266 961/2202/266 1525/2075/266 966/2201/266
f 966/2201/266 1525/2075/266 1526/2076/266 965/2203/266
f 961/2202/266 962/2204/266 1524/2077/266 1525/2075/266
f 820/2205/266 964/2207/266 1527/2078/266 1080/2206/266
f 1080/2206/266 1527/2078/266 1528/2079/266 1079/2208/266
f 964/2207/266 965/2203/266 1526/2076/266 1527/2078/266
f 833/2209/266 1078/2211/266 1529/2080/266 1083/2210/266
f 1083/2210/266 1529/2080/266 1530/2081/266 1082/2212/266
f 1078/2211/266 1079/2208/266 1528/2082/266 1529/2080/266
f 821/2213/266 1081/2215/266 1531/2083/266 969/2214/266
f 969/2214/266 1531/2083/266 1532/2084/266 968/2216/266
f 1081/2215/266 1082/2212/266 1530/2085/266 1531/2083/266
f 822/2217/266 967/2219/266 1533/2086/266 972/2218/266
f 972/2218/266 1533/2086/266 1534/2087/266 971/2220/266
f 967/2219/266 968/2216/266 1532/2088/266 1533/2086/266
f 823/2221/266 970/2223/266 1535/2089/266 1086/2222/266
f 1086/2222/266 1535/2089/266 1536/2090/266 1085/2224/266
f 970/2223/266 971/2220/266 1534/2091/266 1535/2089/266
f 834/2225/266 1084/2227/266 1537/2092/266 1089/2226/266
f 1089/2226/266 1537/2092/266 1538/2093/266 1088/2228/266
f 1084/2227/266 1085/2229/266 1536/2094/266 1537/2092/266
f 803/2230/266 1087/2232/266 1539/2095/266 1050/2231/266
f 1050/2231/266 1539/2095/266 1540/2096/266 1049/2233/266
f 1087/2232/266 1088/2228/266 1538/2097/266 1539/2095/266
